SMILES sequence,Binding Affinity
CNC(=O)N(C)c1ncccn1,-10.0
O=C(Cc1ccccc1)c1ccccn1,-10.0
NC1C2CCSCC12,-10.0
CCC(C)C(N)(CC)c1ccccc1,-10.0
N#Cc1cccc(C2OCCC2=O)n1,-10.0
CC#CCCC(NC)c1cc(C)ccn1,-10.0
Cc1ccncc1OC(C)C(=O)N(C)C,-10.0
CSSCCN=C(N)Nc1ccccc1,-10.0
NCC(c1ccccc1)c1ccccn1,-10.0
NCC(OC1CCCCC1)c1ccccn1,-10.0
Cc1ncc(N)c(C)n1,-10.0
N#Cc1cnccc1NCCON,-10.0
Cc1ccnc(NCC(CN)C(C)C)c1,-10.0
CCC(C)N(C)c1ccncc1C#N,-10.0
N=C(N)CCCCSc1ccccc1,-10.0
COC(=O)C1CCN(C)c2ccccc21,-10.0
C=CC(=O)Nc1cc(C)ccn1,-10.0
CC(CCc1ccccc1)NC(=N)N,-10.0
NC12CCN(CC1)CC2,-10.0
CNC(=NN)Nc1cnccc1C,-10.0
O=CC(Cc1ccncc1)c1ccccc1,-10.0
C#CC(CO)Nc1ncccc1C#N,-10.0
CNCC(C)C(=O)Nc1cc(C)ccn1,-10.0
CN(C)Nc1ncccn1,-10.0
CC(N)C1=NC(C#N)CN1,-10.0
Cc1ccncc1CNC(C)CCO,-10.0
CCSc1ccc(C#N)cn1,-10.0
CCC(C)(CN)c1ccncn1,-10.0
C#CCN(CC#C)c1ccncc1C#N,-10.0
O=C(O)C(=O)Nc1ncccn1,-10.0
CNCCNCc1ncccn1,-10.0
N#CCCNC(=O)C(O)c1ccccc1,-10.0
C#CC(C)Oc1ccc(C#N)cn1,-10.0
C=CC(C)NCc1ccncn1,-10.0
CC(C=O)=Cc1cncnc1,-10.0
C=CCCC=C1CCC(N)C1,-10.0
C#CCN(C)c1ccncc1C#N,-10.0
C=CCONC(CCC)c1ccccc1,-10.0
CCCC(C)=C1CCOCC1N,-10.0
N#Cc1cc(C2COCCO2)ccn1,-10.0
C#CC(CC)NCc1ccccc1,-10.0
CCNC1(C#N)CCCSCC1,-10.0
CSCC(C)Nc1ccncc1C#N,-10.0
CCN(C)CC(=O)c1ccccc1,-10.0
COC(=O)c1ccc(CC=O)cc1,-10.0
Nc1cnoc1,-10.0
CCC(O)(CC)COc1cnccc1C,-10.0
CCNc1cccc(OC(CC)CC)n1,-10.0
O=C=NCCc1cncnc1,-10.0
CCC(O)COc1cnccc1C,-10.0
Cc1ccncc1C(CCC(C)C)NN,-10.0
COC(=O)Cc1ccncn1,-10.0
NC1Cc2cnoc2C1,-10.0
CC#CCCSc1ncccn1,-10.0
CCCOCCOc1ncccc1C#N,-10.0
C#CC(=O)NCc1ccccc1,-10.0
C#CC(N)Cc1ccccc1,-10.0
O=C(NCc1cccnc1)c1ccccc1,-10.0
COC(=O)CCc1cccc2c1CCCN2C,-10.0
CC(CO)CSc1ncccn1,-10.0
Cc1ccncc1OCCCS(C)(=O)=O,-10.0
CCc1ncncc1N,-10.0
N=C(N)c1ncccn1,-10.0
C=C(C(=O)O)c1ccncn1,-10.0
CNC(C)Cc1ccccc1C(=O)OC,-10.0
CC(O)CNC(=O)CNc1ccccc1,-10.0
Cc1ccncc1C(C)(C)C(=O)O,-10.0
CC(CN)N(C)Cc1cncc(C#N)c1,-10.0
Cc1ccnc(NS(=O)(=O)CCO)c1,-10.0
CCCCC(O)C(C)(C)c1ccccc1,-10.0
CCCC(OC)C(=O)Cc1ccccc1,-10.0
O=C(O)C(S)Cc1cncnc1,-10.0
COC1CCN(Cc2ccsc2)CC1,-10.0
Cc1ccsc1C1(O)CC2CCCCC21,-10.0
CN1CCCc2ccc(CCN)cc21,-10.0
CC(C)CCN(C)c1ccc(C#N)cn1,-10.0
CNC(=S)c1ncccc1C#N,-10.0
N#Cc1cc(C2CCOC2)ccn1,-10.0
CCCSCc1ccccc1,-10.0
COc1ccccc1CCNS(C)(=O)=O,-10.0
CCSCC(O)c1cncnc1,-10.0
CC(C)(CN)COc1ccc(C#N)cn1,-10.0
CCC(C)(O)COCCCNCc1ccccc1,-10.0
CCC(C)(C)CC(O)c1cnccc1C,-10.0
O=C(CCc1ccncc1)NC1CCCCC1,-10.0
CCCCOCCOc1ncccc1C#N,-10.0
CCNc1cc(N(CC)C(C)CC)ccn1,-10.0
CC(=O)NCc1ccncn1,-10.0
CC(CC(C)C)=C1CCCC1N,-10.0
CNC(c1cnccc1C)C(C)O,-10.0
Nc1cn2ccnc2s1,-10.0
COCCCOc1cnccc1C,-10.0
CC(NCCCC(=O)O)c1ccccc1,-10.0
CC(COc1ccccc1)Nc1ccccn1,-10.0
OC1CCN(CC2CCSCC2)CC1,-10.0
NC1C(=O)NCC12CC2,-10.0
Cc1ccncc1C(O)CN,-10.0
C=CCC=C1CCCCCC1N,-10.0
Cc1ccncc1CNC(=S)NC(C)C,-10.0
CC(CN)S(=O)(=O)c1ccccc1,-10.0
CCN(CCCC(C)(C)N)c1ccccc1,-10.0
Nc1cnc(NCCO)nc1,-10.0
CN1CCCc2ccc(CN=C=O)cc21,-10.0
Cc1ccn(CC(N)=O)c(=O)n1,-10.0
C=CCCC=C1CCCC(N)C1,-10.0
CCNC(CCc1ccccc1)c1ccncc1,-10.0
CCOC(=O)CSc1ncccc1C#N,-10.0
CC(N)C=Cc1ncccn1,-10.0
CC(C)NC(=S)NCCOCc1ccccc1,-10.0
CC(CCC(C)C)=C1CC(N)C1,-10.0
CN1CCCc2ccc(C=CCN)cc21,-10.0
N#Cc1cnccc1CS,-10.0
COC(=O)Nc1cnccc1C,-10.0
C=C(C)CCOc1ccc(C#N)cn1,-10.0
CCCC(O)CNc1ccncc1C#N,-10.0
C#CCCC=C1CCCCC1N,-10.0
N#CCN(CCO)Cc1ccccc1,-10.0
CCSCC(N)c1cncnc1,-10.0
CCC(C)N(C)Cc1cncc(C#N)c1,-10.0
COC(=O)c1cccc(CCN=C=O)c1,-10.0
Cc1ccnc(C(N)CCC#N)c1,-10.0
Cc1ccncc1CC(=N)N,-10.0
Cc1ccncc1CNC(=O)C(C)CN,-10.0
N#Cc1ncccc1C1NCCCCC1=O,-10.0
CCNc1ncccc1S(=O)(=O)NC,-10.0
NC1CC12CCCCC2,-10.0
CCC(C)N(CC)c1ncccc1C#N,-10.0
CC(C)CCOCc1cncc(C#N)c1,-10.0
CSC(C)(C)C(O)c1cnccc1C,-10.0
CC(C)(N)CNc1ccncc1C#N,-10.0
CC#CCNC(=O)c1ccc(C#N)cn1,-10.0
Cc1ccncc1NS(=O)(=O)N(C)C,-10.0
Cc1ccnc(CNC#N)c1,-10.0
N#Cc1cccc(C2COCCN2)n1,-10.0
CCC(C)NC(C)c1cc(C)ccn1,-10.0
CCOC(=O)NCc1cnccc1C,-10.0
CCN(C(C)=O)c1cnccc1C,-10.0
CC#CCC=C1CC(N)C1,-10.0
Cc1ccncc1C(=O)NCCO,-10.0
C=CC(=O)C(O)c1cnccc1C,-10.0
CN(C)C(=O)c1ccc(C#N)cn1,-10.0
CC(C)(O)C#Cc1cncc(C#N)c1,-10.0
COC(CN)Cc1cncnc1,-10.0
O=C(CC1CCCCC1)Nc1ccccn1,-10.0
CCC(=CCNc1ccccc1)C(=O)O,-10.0
CC(CN)CNC(=O)CSc1ccccc1,-10.0
CCCC(O)c1ncccn1,-10.0
O=C(CC1CCCCC1)Nc1ccns1,-10.0
COC(Cc1cc(C)ccn1)OC,-10.0
CC(=O)NC1CCC(C)NC1,-10.0
CCNc1cccc(NCC(O)CO)n1,-10.0
CCC(c1ccccc1)C(CN)OC,-10.0
CN(CC(C)(C)C)c1ccncc1C#N,-10.0
COCCCOCc1cncc(C#N)c1,-10.0
CN(c1ncccc1C#N)C(C)(C)CO,-10.0
C#CC(=O)Nc1cnccc1C,-10.0
CCN(CC(C)C#N)c1cc(C)ccn1,-10.0
COC(=O)c1cccc(CCC(C)N)c1,-10.0
CON(CCN)c1ccncn1,-10.0
C=CCCC(O)c1cnccc1C,-10.0
N#CCCCCNc1ccncc1C#N,-10.0
CCNc1cc(CSCCN(C)C)ccn1,-10.0
CCC(N)CNC(=O)c1ccccc1,-10.0
CCC=CC(=O)c1cnccc1C,-10.0
COC(=O)c1cscc1S(N)(=O)=O,-10.0
Nc1ncncn1,-10.0
OCC(COc1ccccc1)c1cccnc1,-10.0
C#CC(=O)NCc1cnccc1C,-10.0
C=CCC(C)NCc1cc(C)ccn1,-10.0
CCC(N)COc1ccncc1C#N,-10.0
CC1COCCN1C(=O)NCc1ccccc1,-10.0
CCN(C)CCNc1ccncc1C#N,-10.0
CNCCNc1ncccc1C#N,-10.0
CC(C)NC1CCN(C)c2ccccc21,-10.0
NN1CCNC(=O)C1,-10.0
CCC(C)(CC)C(N)c1ccccc1,-10.0
CC(C=Cc1cnccc1C)=CC(=O)O,-10.0
NC(CSC1CCCCC1)Cc1ccccn1,-10.0
CCNc1cccc(SC(C)(C)C)n1,-10.0
CC(=O)C=Cc1cnccc1C,-10.0
CN1CCC(O)(C2CCCN2)CC1,-10.0
CC#CCC(N)C(=O)c1cnccc1C,-10.0
NCCCOC1CCN(Cc2ccsc2)CC1,-10.0
OC1(Cc2ccsc2)CC2CCC2C1,-10.0
CCCCC(Cc1ccccc1)NC,-10.0
CC(C)(C)NCCNCc1ccccc1,-10.0
Cc1ccnc(C(C)(O)C(C)N)c1,-10.0
CCCCCCCNc1cc(C)ccn1,-10.0
C=C(C)C(=O)c1cncnc1,-10.0
CSc1ncc(N)c(C#N)n1,-10.0
CC(=O)NN1CC(=O)N(C)C1=O,-10.0
O=C(CC1CCCCC1O)Nc1cccnc1,-10.0
CNCCC=CC(Cc1ccccc1)OC,-10.0
O=C(NCc1ccccc1)N1CCOCC1,-10.0
CC(N)c1cccc(C#N)c1,-10.0
c1ccc(CCc2ccncc2)cc1,-10.0
CCC(CC)CNc1ccc(C#N)cn1,-10.0
CCN(C)CCNc1ncccc1C#N,-10.0
CCCSCC(N)c1cnccc1C,-10.0
CCNc1cc(NCC(C)OC)ccn1,-10.0
CC(C#N)Sc1ccncn1,-10.0
S=C(NCC1CCCCC1)Nc1cccnc1,-10.0
C=C(C)C(O)c1cnccc1C,-10.0
CCNCCCNc1ncccc1C#N,-10.0
CNCC(O)c1ccncn1,-10.0
C#CCCCC(O)c1cnccc1C,-10.0
CCNc1ccccn1,-10.0
CCNc1cccc(O)n1,-10.0
CCC(N)(CC)C(=O)Nc1ccccc1,-10.0
COC(C)CNc1cc(C)ccn1,-10.0
CCCC(C)COc1ccncc1C#N,-10.0
CNNC(=O)c1cnccc1C,-10.0
Cc1ccncc1OCC(N)CC(C)C,-10.0
Cc1ccccc1CNC(=O)N1CCOCC1,-10.0
CCOC(C)Oc1cnccc1C,-10.0
CCC(CO)C(=O)c1ccccc1,-10.0
CCCSCCNc1ccncc1C#N,-10.0
CC(C)C(C#N)c1ncccn1,-10.0
Cc1ccnc(NCC(O)C(N)=O)c1,-10.0
CC(C)SCC(O)CCc1ccccc1,-10.0
Nc1nncs1,-10.0
N#Cc1ncoc1CCN,-10.0
N#CC(O)C(N)c1ccncn1,-10.0
NC(=O)c1cncnc1,-10.0
NCCNc1ccc(S(N)(=O)=O)cc1,-10.0
CCCC(C)N(C)c1ccnc(NCC)c1,-10.0
COC(CNCC(=O)c1ccccc1)OC,-10.0
CC=CCNCc1cncc(C#N)c1,-10.0
CSCC(C)(N)c1cnccc1C,-10.0
CCNCC(C)C(=O)Cc1ccccc1,-10.0
N#Cc1ncccc1C12CNCC1C2,-10.0
CCNC1(C#N)CCNC1,-10.0
CC(C)(CO)NCCCc1ccccc1,-10.0
Cc1nc(CC#N)ncc1N,-10.0
CCNc1ncccc1C(=O)NCC(N)=O,-10.0
OCCC(NCc1ccncc1)c1ccccc1,-10.0
NC1CCSC2(CC2)C1,-10.0
C=CS(=O)(=O)c1ncccc1C#N,-10.0
O=C(Cc1ccco1)Nc1cccnc1,-10.0
CN1CCCc2cccc(CN=C=O)c21,-10.0
COC(=O)C(C)CSc1cc(C)ccn1,-10.0
CCC(C)C(C)Nc1ccncc1C#N,-10.0
N#Cc1cccnc1OC(CN)C(=O)O,-10.0
COCC(=O)c1ccccc1C(=O)OC,-10.0
NC1=NC(=O)OC12COC2,-10.0
CON(c1ncccc1C#N)C(C)C,-10.0
C=C(CC)CC(COCc1ccccc1)NN,-10.0
C=C(C)CSc1ncccc1C#N,-10.0
Cc1ccncc1CNCC#N,-10.0
CC(=O)Nc1cccnc1C,-10.0
CCNC(=NN)Nc1cnccc1C,-10.0
Cc1ccncc1C(C)ON,-10.0
CCNc1cc(NCC(C)(C)CO)ccn1,-10.0
CNCCC#Cc1ccncn1,-10.0
CCCC(NC)C(O)c1cnccc1C,-10.0
CC(=O)NC1=NOC(C)C1,-10.0
CCC(NC)C(O)c1cnccc1C,-10.0
CN(C)CCCOc1ncccc1C#N,-10.0
COC(=O)Cc1ccncc1C#N,-10.0
Cc1ccncc1C(C#N)N(C)C,-10.0
CCNC(=O)Nc1cc(C)ccn1,-10.0
SCCCc1ncccn1,-10.0
N#Cc1cncc(O)c1,-10.0
COCCNCCNC(=O)Nc1ccccc1,-10.0
O=C(CC1CSCCN1)Nc1cccnc1,-10.0
CC1C(=O)NCCCN1CC(N)=O,-10.0
CSCCC(O)c1cncnc1,-10.0
CCCC(C)CNCc1cc(C)ccn1,-10.0
CC(CCCN(C)C)Nc1ccccc1,-10.0
CC(=Cc1cnccc1C)C(C)O,-10.0
COC(=O)C1CCCN1S(N)(=O)=O,-10.0
Cc1noc(CC(N)=O)n1,-10.0
CCCC(C)NCc1ccc(C#N)cn1,-10.0
Cc1ccncc1C(C)CN,-10.0
CC(C)=CCSCc1ccncc1C#N,-10.0
Cc1ccncc1NC(=NN)NC(C)C,-10.0
CC=CC(O)(CC)c1ccccc1,-10.0
COC(=O)c1ccccc1CC(C)=O,-10.0
CCNc1ncccc1OCC(=O)O,-10.0
CC(CNc1ncccc1C#N)N(C)C,-10.0
Nc1cncnc1NCCO,-10.0
CCC(Nc1ccccc1)c1ccccn1,-10.0
CC(O)C(=O)C=Cc1ccccc1,-10.0
CCNc1ccc(OCOC)cn1,-10.0
O=C(CC1CCCCC1)Nc1ccon1,-10.0
CCCCOCC(NC)c1ccccc1,-10.0
CCNc1cc(NCC(C)C(C)C)ccn1,-10.0
CN(C)c1ncccc1C#N,-10.0
CC(O)C=Cc1ccncn1,-10.0
CCOC(C)C(N)c1ccccc1,-10.0
CNC(=S)c1ncccn1,-10.0
CC(C)C(N)COc1ccc(C#N)cn1,-10.0
N#CC1C2CN(CCN)CC12,-10.0
CCNc1cccc(NCC#CCO)n1,-10.0
COCCCNc1ccncc1C#N,-10.0
CCNc1cc(NCCOCC)ccn1,-10.0
CCc1nc(C(C)C)ncc1N,-10.0
CCNc1cccc(NCC(C)(C)CO)n1,-10.0
C=CCNCC(OC)c1ccccc1,-10.0
CC1C(=O)NCCN1CC(N)=O,-10.0
CSCCCSc1ncccc1C#N,-10.0
CN(CC(O)CN)c1ccncc1C#N,-10.0
Cc1ccnc(NCCNC(C)C)c1,-10.0
CC(N)C#Cc1cncc(C#N)c1,-10.0
C#CCCC(=O)Nc1ncccc1C#N,-10.0
CC1CC(=O)CN1CC(N)=O,-10.0
CCNc1ccc(CNC)cn1,-10.0
C=CCCNC(=O)c1ccc(C#N)cn1,-10.0
CNC(CSc1ccccc1)Cc1ccncc1,-10.0
COC(=O)c1ccccc1CCN,-10.0
CCOCCC=C1CC(N)C1,-10.0
c1cncnc1,-10.0
O=C(NCCO)c1ccccc1,-10.0
CCOC(=O)N(C)OCc1ccccc1,-10.0
COCCCN(C)c1ncccc1C#N,-10.0
Cc1ccncc1CNC(=O)CC(N)=NO,-10.0
CC(N)c1oncc1C#N,-10.0
Cc1ccncc1CNCCN(C)C,-10.0
CCC(C)C(C)C(O)Cc1ccccc1,-10.0
CN(CC#CCCO)Cc1ccccc1,-10.0
CC(N)COc1ncccc1C#N,-10.0
CC(c1ccccc1C#N)N1CCOCC1,-10.0
C#CCCCOc1ccc(C#N)cn1,-10.0
NC(CO)CNC(=O)Nc1ccccc1,-10.0
CC(C)(CNO)c1ccccc1,-10.0
C=CCCSC(=N)Nc1ccccc1,-10.0
CC=CC=NNC(=O)c1ccccc1,-10.0
Nc1cccnn1,-10.0
CCC(NCc1cccnc1)c1ccccc1,-10.0
CNCc1ccc(C#N)cn1,-10.0
CN(CCC1CCCCC1)c1ccccn1,-10.0
N#Cc1cccnc1NCCS(N)(=O)=O,-10.0
CCNc1ncccc1COC,-10.0
NCC(SCc1ccccc1)c1ccccn1,-10.0
N#Cc1ccc(S(N)(=O)=O)nc1,-10.0
Nc1noc2c1CNC2,-10.0
CCCC(O)CCC(C)COCc1ccccc1,-10.0
CC(=O)NCc1ncccn1,-10.0
CC(CNCc1ccccc1)c1ccccn1,-10.0
OCC(O)CSCCCOCc1ccccc1,-10.0
C=CCONCc1ccncn1,-10.0
CCCN=C(N)SCCOCc1ccccc1,-10.0
CC(C)CC(N)c1cncnc1,-10.0
CCNCC1CCN(Cc2ccsc2)CC1,-10.0
CCNC(=O)Nc1ccc(C#N)cn1,-10.0
CNC(CCC(C)N)c1ccccc1,-10.0
CCNc1cc(NCC(C)N(C)C)ccn1,-10.0
C=CC=CCCc1cnccc1C,-10.0
CCC(C)C(CCN)c1ccccc1,-10.0
CSCC(C)(O)C(=O)c1cnccc1C,-10.0
OC(CNCc1ccccc1)Cc1ccncc1,-10.0
CC=CCCNc1ccncn1,-10.0
Cc1ccncc1CCC=O,-10.0
CN(CCCN)c1ncccc1C#N,-10.0
CC(CN)Nc1ncccc1C#N,-10.0
CCNc1cc(CO)ccn1,-10.0
CON=C(C)c1cnccc1C,-10.0
C=CCCCOc1ncccc1C#N,-10.0
CCCNC1CCN(C)c2ccccc21,-10.0
C=C(C)CC(O)c1cnccc1C,-10.0
O=C(CC1CCCCC1)NC1CC12CC2,-10.0
CN(OCC(=O)O)c1ncccc1C#N,-10.0
CCON(c1ccncc1C#N)C(C)C,-10.0
O=C(O)c1ccncn1,-10.0
O=C(O)CNc1ncccn1,-10.0
CCOC(=O)C(CN)Cc1cnccc1C,-10.0
CCNC(c1cnccc1C)C(C)OCC,-10.0
CC1NC(CC(N)=O)C(=O)NC1=O,-10.0
CC1CCS(=O)(=O)N1CC(N)=O,-10.0
N=C(N)C1CCN(Cc2ccsc2)CC1,-10.0
NC1=NOC(=O)C12CC2,-10.0
C=CCC(CO)NCc1cnccc1C,-10.0
CC(C)SCc1ccncc1C#N,-10.0
Cc1ccncc1OCC(O)CO,-10.0
NC1=CC=CCO1,-10.0
Cc1ccnc(NCCCC(C)(C)C)c1,-10.0
COCCC(N)c1cncnc1,-10.0
Cc1ccnc(NCCC(=O)O)c1,-10.0
CCCNCC(C)(O)c1cnccc1C,-10.0
CCC(Nc1ccc(C#N)cn1)C(C)O,-10.0
CNC(=N)c1cnccc1C,-10.0
N#CC=Cc1ccccc1S(N)(=O)=O,-10.0
CC(=O)Nc1ccc(N2CCCC2)nc1,-10.0
Cc1ccncc1OC(C)C#N,-10.0
NCC(c1ccccc1)S(=O)(=O)O,-10.0
Cc1ccncc1CCC(C)C(=O)O,-10.0
C#CCCN(C)c1ccc(C#N)cn1,-10.0
CC(=CCOc1cnccc1C)C(=O)O,-10.0
C=CC(COC)Nc1ncccc1C#N,-10.0
NN1CCCCCC1,-10.0
Cc1ncc(N)c(S)n1,-10.0
CCC(O)C(N)c1cncnc1,-10.0
CCCNC(C)CCNC(=O)c1ccccc1,-10.0
N#Cc1ncccc1-n1cnnc1,-10.0
COCC(O)CNc1ncccc1C#N,-10.0
CC(O)CN(C)Cc1cncc(C#N)c1,-10.0
CC(C)(C)CCNc1ccncc1C#N,-10.0
CCC(CC)COc1ccc(C#N)cn1,-10.0
CNC(CO)c1ccc2c(c1)CCCN2C,-10.0
C=CCOc1ccncc1C#N,-10.0
CN(CCCN)c1ccncn1,-10.0
Cc1nc(CC(C)C)ncc1N,-10.0
O=C(CNc1ccccc1)Nc1cccnc1,-10.0
COC(=O)c1ccc(C(O)CN)cc1,-10.0
CCCNCCOC(=O)CCOc1ccccc1,-10.0
CC(CCO)NC(N)=Nc1ccccc1,-10.0
N#Cc1cc(N2CCC23CCC3)ccn1,-10.0
CNCc1ccc2c(c1)CCCN2C,-10.0
C=CC(C)(C)Nc1ccc(C#N)cn1,-10.0
CN1CCCc2cccc(C(N)=NO)c21,-10.0
CC(C)Cc1ccncc1C#N,-10.0
CCNc1cccc(SCC(N)=O)n1,-10.0
O=C(O)CCNc1cncnc1,-10.0
NC(=O)CSc1ncccn1,-10.0
Cc1ccncc1CNC(=O)CCCN,-10.0
CCC(CC)C(O)c1cc(C)ccn1,-10.0
Cc1ccnc(NN)c1,-10.0
C=CCCCCNc1ncccc1C#N,-10.0
CC(N)(CO)Cc1ncccn1,-10.0
CSCc1ccncc1C#N,-10.0
CCNc1cccc(OCCOCC)n1,-10.0
CC(CCS)CCOCc1ccccc1,-10.0
CCN(CCOC)C(N)=NCc1ccccc1,-10.0
CC(C)(C)CCc1ccc(C#N)cn1,-10.0
NCC(COc1cccnc1)c1ccccc1,-10.0
OC(c1ccccc1)c1ccncc1,-10.0
NC1CCC(=O)CC1,-10.0
NC1C2CSCC12,-10.0
Nc1ncns1,-10.0
CC(O)(CO)CSc1ccccc1,-10.0
CCC(C#N)c1cnccc1C,-10.0
Cc1ccnc(CNCCOCCO)c1,-10.0
CCN(Cc1ccccc1)C(=O)CN,-10.0
CC(=O)Nc1noc(C)n1,-10.0
CCNc1cc(NN(C)C)ccn1,-10.0
CC(=O)Nc1ccc(C)cc1,-10.0
NC(CCCO)c1cncnc1,-10.0
NC1=NS(=O)(=O)c2cscc21,-10.0
NN1C(=O)CCCNC1=O,-10.0
CCCOCc1ncc(N)cn1,-10.0
CC#CCC(O)c1cncnc1,-10.0
Cc1cscc1C1CC(O)CCN1,-10.0
CC(C)CC=C1CCC(N)C1,-10.0
CCNC(C)c1ncccn1,-10.0
Nc1nsc2c1CCC2,-10.0
N#Cc1cc(-c2ccno2)ccn1,-10.0
CCC(C)OCOc1ccccc1,-10.0
CN1CCCc2cccc(CC#N)c21,-10.0
NC1C2CNC(=O)C12,-10.0
CCNc1ccc(COC(C)(C)C)cn1,-10.0
NNC(=O)c1ccncn1,-10.0
CN1CCCc2cc(CNCCO)ccc21,-10.0
NN1CCCC1,-10.0
CCCCOCCN(CCN)Cc1ccccc1,-10.0
CNC(=O)c1ccncn1,-10.0
CCCC(O)C(=O)c1cnccc1C,-10.0
CN(C)Nc1ncnc(O)c1N,-10.0
CSCC(C)C(=O)Nc1cc(C)ccn1,-10.0
NC1CCC2CC2CC1,-10.0
C=C(CC)CN(CCO)Cc1ccccc1,-10.0
N#Cc1cccc(C2CCCC2)n1,-10.0
CC(CO)Sc1ccc(C#N)cn1,-10.0
Cc1ccncc1CNC(=O)CCCO,-10.0
CC(O)CNCCNc1ccc(C#N)cn1,-10.0
C#CCONC(=O)NCc1ccccc1,-10.0
COC(=O)c1ccccc1CNC(C)C,-10.0
CC(=O)NC1CCC(=O)NC1C,-10.0
COC(C)(C)COc1ccc(C#N)cn1,-10.0
CC(C)=CCOc1ccc(C#N)cn1,-10.0
CN1CCCc2cc(OCCN)ccc21,-10.0
CC(=C1CCCC1N)C(C)C,-10.0
NC1CC2(CCCC2)C1,-10.0
CC(N)C(O)c1ccncn1,-10.0
N#Cc1ccccc1CCN,-10.0
CCNc1cc(NC(C)(CO)CO)ccn1,-10.0
CCCCC=C1CCOCC1N,-10.0
Cc1sccc1CN1CCCCC1,-10.0
CC#CC(O)CC(C)c1ccccc1,-10.0
CCC(C)C(O)C(=O)c1cnccc1C,-10.0
CCNc1ncccc1C(=O)OC(C)C,-10.0
NC1CC12CCCC(=O)C2,-10.0
COCCC(N)C(=O)c1cnccc1C,-10.0
CCNC(C)C(=O)c1cnccc1C,-10.0
CNCC(C)COc1cnccc1C,-10.0
CC(=O)Nc1cc(C)ccn1,-10.0
CNC(C(=O)O)c1cncnc1,-10.0
NC12CCN(CC1)C(=O)C2,-10.0
O=C(O)CNC(=O)CNc1ccccc1,-10.0
Nc1cnc(NCCCO)nc1,-10.0
COC(=O)c1ccc(NN)cc1,-10.0
CCCCC(C)(N)c1ccccc1,-10.0
CCCC(NCc1ccccc1)C(=O)OC,-10.0
N#Cc1cnccc1NCCCCO,-10.0
c1ccc(CNCCc2ccncc2)cc1,-10.0
CC(C)OCCCNCCC(O)c1ccccc1,-10.0
CCC(=N)NCc1cc(C)ccn1,-10.0
Cc1ccncc1C=C(C=O)C(C)C,-10.0
N#CC#CCNCc1ccccc1,-10.0
C=C(C)CONCc1cncc(C#N)c1,-10.0
Cc1ccncc1CCCCN,-10.0
CNCCN(Cc1ccccc1)OC,-10.0
c1ccc(CCNCCCc2ccccn2)cc1,-10.0
CCNc1cccc(CN(C)C)n1,-10.0
C#CCN(CC)c1ccc(C#N)cn1,-10.0
NC1C=NS(=O)(=O)NC1=O,-10.0
CNC(=O)CN(C)c1ccncc1C#N,-10.0
CCc1cncnc1,-10.0
O=CC(=Cc1ccncc1)c1ccccc1,-10.0
N=C(N)SCC(O)COCc1ccccc1,-10.0
CC(C)N(CCCCCCS)Cc1ccccc1,-10.0
CCC(C)N(CC)c1ccc(C#N)cn1,-10.0
NC1CC2CCNCC12,-10.0
CCOCC(=O)NC(C)CCc1ccccc1,-10.0
NS(=O)(=O)c1ccccc1CS,-10.0
O=C(Oc1ccccc1)c1ccncc1,-10.0
O=C(Cc1ccccc1)Nc1ccccn1,-10.0
NC1=NCCO1,-10.0
CC(Cc1ccccc1)C(O)CN,-10.0
N#Cc1ccc(N2CCOC2=O)cn1,-10.0
NC(COc1ccccc1)Cc1ccccn1,-10.0
CC(=O)NC1CCC1C,-10.0
Cc1ccnc(C(C)(O)CCN)c1,-10.0
CCNc1cccc(CSC(C)C)n1,-10.0
C=CC(O)c1ccc2c(c1)CCCN2C,-10.0
CC(C)(O)C(O)CCCc1ccccc1,-10.0
CCC(CN)(Cc1ccccc1)N(C)C,-10.0
CNCC(C)(C)NCc1cnccc1C,-10.0
CN1CCCc2cccc(CN)c21,-10.0
CCN(C)CCOc1ccc(C#N)cn1,-10.0
CNC(C)(C)C(O)C#Cc1ccccc1,-10.0
C=CCNC(C)c1cc(C)ccn1,-10.0
CCNc1cc(NCC(O)CC)ccn1,-10.0
CSCC(C)(N)CC(C)c1ccccc1,-10.0
CC(=O)NC1CCC2CN(C)CC21,-10.0
O=CCCc1ncccn1,-10.0
Cc1ccsc1C1(O)COC1,-10.0
NC1C2CS(=O)(=O)CC12,-10.0
N#Cc1cnccc1NOCCN,-10.0
CCONc1ncccn1,-10.0
O=CC1CCCCN1Cc1ccsc1,-10.0
CC(C)CCN(C)c1ncccc1C#N,-10.0
O=C1NCCCCC1CN1CCC(O)CC1,-10.0
CC(C)(CCc1ccccc1)N=C(N)N,-10.0
O=C(Cn1ccnc1)Nc1cccnc1,-10.0
CN(C)c1ccc(C#N)cn1,-10.0
C#CCOCCCNCc1ccccc1,-10.0
Cc1ccncc1C(=O)NOCCCN,-10.0
CC(=O)NC1CCN(C)CC1,-10.0
Cc1ncc(N)c(CN)n1,-10.0
NC(=S)NN=Cc1ncccn1,-10.0
C#CCC(O)C(C)Oc1ccccc1,-10.0
CCOCC(NN)c1cc(C)ccn1,-10.0
Cc1ccnc(NC#N)c1,-10.0
CC(C)(O)CNc1ncccc1C#N,-10.0
CC(O)Cc1cccc2c1N(C)CCC2,-10.0
Cc1ccncc1CCCS,-10.0
CN(CCO)C(=O)c1ccccc1,-10.0
CCNc1cc(CN(C)OC)ccn1,-10.0
CCNc1ccc(NC(=O)CC)cn1,-10.0
CNC(CC(C)(C)C)c1cnccc1C,-10.0
NCC(=O)CCc1ccncn1,-10.0
CC=CC(=O)Nc1ncccc1C#N,-10.0
C=CCN(CC=C)c1ncccc1C#N,-10.0
CC(=O)Cc1ccc2c(c1)CCCN2C,-10.0
Cc1ccncc1OCCC(N)=O,-10.0
NC1CCC2CCC1C2,-10.0
CCN(Cc1ccccc1)c1ccccn1,-10.0
CC#CCNc1cc(C)ccn1,-10.0
CC(NC(=O)C=O)c1ccccc1,-10.0
NNc1cccc(S(N)(=O)=O)c1,-10.0
C=CCC(CC)Nc1ccncc1C#N,-10.0
O=C(CC(S)C(=O)O)c1ccccc1,-10.0
Cc1ccncc1C(=O)N(C)CCCO,-10.0
CCNc1cc(SCC(O)CO)ccn1,-10.0
CC(=O)Nc1cn(C)nn1,-10.0
CCOCC(N)c1cnccc1C,-10.0
C=CCCOCCNCCOCc1ccccc1,-10.0
OC1CC2(C1)CN(Cc1ccsc1)C2,-10.0
CSc1ncc(N)c(C(=O)O)n1,-10.0
C=CC(CO)NC(C)Cc1ccccc1,-10.0
Cc1ccncc1C(=O)NC(C)CC#N,-10.0
CON=C(c1ccccc1)c1cccnc1,-10.0
C=C(C)CNCC(OC)c1ccccc1,-10.0
c1ccc(COCCOc2cccnc2)cc1,-10.0
CCONCc1cncnc1,-10.0
COC(=O)C=Cc1cncnc1,-10.0
NC1C2C3C=CC(C3)C12,-10.0
CC(C)N(CCO)c1ccncc1C#N,-10.0
NC1CC(=O)NCC12CC2,-10.0
CCNC1(C#N)CC2CCC(C1)N2,-10.0
CCCNCCOc1cc(C)ccn1,-10.0
NCCCCOc1ccncn1,-10.0
Cc1ccnc(C(N)CCCC#N)c1,-10.0
N#Cc1cncc(CSCCCN)c1,-10.0
COC(C)SC(N)=NCc1ccccc1,-10.0
COC(C(N)=S)c1cncnc1,-10.0
N#Cc1ccc(C2CCCN2)cn1,-10.0
CCNC1(C#N)CCNCC1,-10.0
C#CC(N)C(O)c1cncnc1,-10.0
O=CC(=O)c1ncccn1,-10.0
CCC(C)NCc1ccc(C#N)cn1,-10.0
CCCC(=N)NCc1cnccc1C,-10.0
CC(=O)CC(=O)N(C)c1ccccc1,-10.0
Nc1nc2c(s1)CC(=O)N2,-10.0
O=C(O)Cc1ncccn1,-10.0
CCN(C)Cc1cnccc1C,-10.0
Cc1ccnc(SC(C)CO)c1,-10.0
CCS(=O)(=O)Nc1cncnc1,-10.0
Cc1ccnc(NC(CO)CCCO)c1,-10.0
CCCCCSc1ncccn1,-10.0
Cc1ccncc1CNCCCCCO,-10.0
CCNc1cccc(NCCSC)n1,-10.0
Cc1ccncc1CN(C)C(C)C(=O)O,-10.0
NC1=NNCC1,-10.0
CN1CCCN(CC(N)=O)CC1=O,-10.0
CCC(C(=O)O)c1cnccc1C,-10.0
COC(=O)c1cccc(OCCN)c1,-10.0
CONCc1cncc(C#N)c1,-10.0
N#CC(Cc1ccccc1)Sc1ccccn1,-10.0
COCCNC(=O)Nc1ccc(C#N)cn1,-10.0
CC1CC(=O)N(CC(N)=O)C1=O,-10.0
OC1CCN(CC23CC(CN2)C3)CC1,-10.0
Cc1ccncc1C=CCCO,-10.0
NC12CCN(CC1)C2,-10.0
CCOCCSCc1ccccc1,-10.0
Cc1ccnc(C)c1,-10.0
CC(C)(N)CNc1ncccn1,-10.0
CC(O)CNc1ccncc1C#N,-10.0
CC(C)=CCCC(N)c1cnccc1C,-10.0
OC1CCN(CC2CCCCNC2)CC1,-10.0
CCCCC(N)CCOc1ccccc1,-10.0
Cc1ncccc1NC(=O)Nc1ccccc1,-10.0
NC1CC2OCCC12,-10.0
CCOC=Nc1ccccc1C(=O)OC,-10.0
N#Cc1ncccc1C1CSCCN1,-10.0
CCNc1cccc(N(C)CCC(C)O)n1,-10.0
CCCCC(C)C(=O)Nc1cnccc1C,-10.0
CC(N)CN(C)c1ccncc1C#N,-10.0
CN(Cc1ccncn1)C(N)=S,-10.0
Cc1cnc(=O)n(CC(N)=O)c1,-10.0
CCC(O)CCCNc1cc(C)ccn1,-10.0
COCc1ncc(N)c(O)n1,-10.0
CN1CCCc2cc(C=CCCN)ccc21,-10.0
CCC(COC)(C(=O)O)c1ccccc1,-10.0
CCNc1cc(C(=O)N(C)CC)ccn1,-10.0
COC(=O)CCCc1cnccc1C,-10.0
CC(CNc1ccccc1)Oc1cccnc1,-10.0
CN(CCc1ccccn1)C1CCCCC1,-10.0
NC(=S)Cc1ncccn1,-10.0
CC(C)SCCNC(N)=NCc1ccccc1,-10.0
CN1CCCc2cc(C#N)ccc21,-10.0
CSCCN(C)c1cc(C)ccn1,-10.0
C#CCC(N)C(=O)c1cnccc1C,-10.0
CCNc1ccc(C(=O)N(C)OC)cn1,-10.0
CCNc1cccc(CSCC(C)C)n1,-10.0
O=CCCCCCOc1ccccc1,-10.0
NC(=O)Nc1ncccn1,-10.0
NC1CSCCC1=O,-10.0
CN(C)C(CN)c1ccncn1,-10.0
O=C(O)COc1ccccc1,-10.0
OCCC1CCCCN1Cc1ccsc1,-10.0
NC1CCCC12N=N2,-10.0
C=C1CCC(N)CC1,-10.0
N#Cc1ccccc1CSCCN1CCOCC1,-10.0
NC(=O)NN=Cc1ccncn1,-10.0
N#Cc1ccc(N2CCCOCC2)cc1,-10.0
N#CCNc1ncccc1C#N,-10.0
CC(C)C(O)c1ncccc1C#N,-10.0
CNCCNCc1cncnc1,-10.0
CCCC(O)CCNc1cc(C)ccn1,-10.0
CCCC(N)CNCCOCc1ccccc1,-10.0
CCNc1cccc(N(CC)OCC)n1,-10.0
CNC(Cc1ccccc1)C(=O)OC,-10.0
Cc1ccncc1C(N)C#N,-10.0
NC1CSC2(COC2)C1,-10.0
COC(=O)c1ccc(C=NO)cc1,-10.0
C=CCN(CC)c1ncccc1C#N,-10.0
CC(C)CCSc1ccncn1,-10.0
C=CCCC(CO)Nc1cc(C)ccn1,-10.0
Cc1ccncc1CCCNC(C)C,-10.0
O=C(NCCc1ccccc1)c1ccccn1,-10.0
COC(=O)CCOc1cnccc1C,-10.0
COC(=O)c1cccc(C(C)CS)c1,-10.0
NC(CC(=O)O)c1ccncn1,-10.0
OCCNNc1ncccn1,-10.0
O=C(CC1CCCOC1)Nc1cccnc1,-10.0
Cc1cscc1CN1CCC(O)CC1,-10.0
CCNC(C)C(C)=Cc1cnccc1C,-10.0
C=C(C)CC=C1CCCC1N,-10.0
Cc1ccsc1C1(O)CCCSC1,-10.0
CN=C(N)NCCN(C)Cc1ccccc1,-10.0
COC(=O)Cc1ccc(C#N)cn1,-10.0
CC(=O)Nc1ncnn1C,-10.0
CC(C)C(N)c1cncnc1,-10.0
COC(Cc1ccncn1)OC,-10.0
CN(N)c1ccc(C#N)cn1,-10.0
CC(C)CONCC(C)COCc1ccccc1,-10.0
Cc1ccncc1NC(C)C(N)C(C)C,-10.0
CC=CC(C)(C=O)c1ccccc1,-10.0
CCNc1ncccc1CN(C)C,-10.0
Cc1ccncc1CCS,-10.0
NC1=CNS(=O)(=O)NC1=O,-10.0
NCC=CCc1ccccc1S(N)(=O)=O,-10.0
Cc1ccncc1OC(C)CC(C)C,-10.0
Oc1cncnc1,-10.0
NC1CC2CCC(C1)C2,-10.0
CCCNC(N)=NCc1cnccc1C,-10.0
CN(CCN)Cc1cncc(C#N)c1,-10.0
C#CC(CC)Nc1cc(C)ccn1,-10.0
NC1C2CCC1CS(=O)(=O)C2,-10.0
CC(O)CNCc1cncnc1,-10.0
CCNC(COCC)c1cnccc1C,-10.0
COC(=O)c1cccc(OC)c1,-10.0
C=C(CN)c1ccc(C(=O)OC)cc1,-10.0
CCNc1cc(SCCCO)ccn1,-10.0
CCC(C)(C)OCc1cncc(C#N)c1,-10.0
COC(=O)c1ccccc1NCC(C)CN,-10.0
CC(=Cc1cnccc1C)CNC(C)C,-10.0
CCCNC(CCO)c1cnccc1C,-10.0
N#Cc1ccccc1NCCC1COCCN1,-10.0
CCc1ccc(C#N)cn1,-10.0
COC(C#N)c1ncccn1,-10.0
NC1C2CCC1CC(=O)C2,-10.0
NCC(Nc1ccccc1)c1ccccn1,-10.0
CCCCC(C)(CO)Nc1ccccc1,-10.0
CC(=Cc1ccccc1)CNc1ccccn1,-10.0
CCC(NCCc1ccncc1)c1ccccc1,-10.0
NOCCNS(=O)(=O)c1ccccc1,-10.0
COC(=O)c1ncc(N)cn1,-10.0
CC(C)C(C)C(O)COc1ccccc1,-10.0
N=C(NCc1ccccc1)c1ccccn1,-10.0
CC1=NN(CC(N)=O)C(=O)CC1,-10.0
NC12COC(C1)C2,-10.0
C=CC(CO)Nc1cc(C)ccn1,-10.0
Cc1nc(CC(=O)O)ncc1N,-10.0
CC(=O)C=Cc1cncnc1,-10.0
O=C(NCCCCO)c1ccccc1,-10.0
Cc1ccsc1C1(O)CCCC(=O)C1,-10.0
NCCc1cc(CN2CCCCC2)cs1,-10.0
CCNC(C)C(C)COc1ccccc1,-10.0
CN1CCCc2ccc(CCON)cc21,-10.0
CCCC(NC)c1cc(C)ccn1,-10.0
C=C1CON(c2cccc(C#N)n2)C1,-10.0
CC(C)OCCNc1ccncc1C#N,-10.0
NCCCCc1ccncn1,-10.0
CCCOCC(O)c1cnccc1C,-10.0
N#CC=Cc1ncccn1,-10.0
Nc1cc2c(s1)CCC2=O,-10.0
Cc1ccncc1C#CCCO,-10.0
CC(Cc1ccccc1)Nc1ccncc1,-10.0
Nc1noc2ccsc12,-10.0
CCOC(=O)C(NC)c1cnccc1C,-10.0
CC(NCCN(C)C)c1ccccc1,-10.0
COC(=O)c1ccccc1NC(=O)NN,-10.0
OCCC(Nc1ccccn1)C1CCCCC1,-10.0
CC(C)=C1CCC2(CC1)CC2N,-10.0
O=C(CCc1ccccc1)Nc1ccncc1,-10.0
N#Cc1cnccc1OCC(=O)O,-10.0
C=CC(C)OCc1cncc(C#N)c1,-10.0
Cc1nn(CC(N)=O)c(=O)o1,-10.0
CCC(CCO)CNc1cc(C)ccn1,-10.0
NC(=NCC#CCO)Nc1ccccc1,-10.0
C=C(CNC(C#N)CC)c1ccccc1,-10.0
COC(Cc1ncccn1)OC,-10.0
CC(=O)C(O)Cc1cncnc1,-10.0
Cc1ccncc1CN=C(N)NC#N,-10.0
CC(C)C=C1CCCC(N)C1,-10.0
OC1CCC2CN(Cc3ccsc3)CC12,-10.0
Cc1ccncc1NC(=O)CSCC(N)=O,-10.0
CCCCCNC(=O)c1cncc(C#N)c1,-10.0
C#CCOc1ccc(C(=O)OC)cc1,-10.0
CC(N)c1cnc(C#N)nc1,-10.0
CCCCNC(=O)Nc1ccccc1,-10.0
Cc1cscc1-c1nc(O)cs1,-10.0
CCCC(C)NCc1cnccc1C,-10.0
Cc1ccncc1OC(CN)CC(C)C,-10.0
CC(C)SCc1ncc(N)cn1,-10.0
CC(=O)CC(N)c1ncccn1,-10.0
Cc1ccncc1C(C)(C)N,-10.0
CCCCC(N)c1cc(C)ccn1,-10.0
CCC(N)CCNc1cc(C)ccn1,-10.0
COC(=O)c1ccccc1NCCS,-10.0
COC(=O)COC(N)CCc1ccccc1,-10.0
CN(c1ccncc1C#N)C(C)(C)C,-10.0
COCCC(N)c1ccccc1C(=O)OC,-10.0
N=C(NO)c1cncnc1,-10.0
Cc1ccsc1C1CC(O)C12CCC2,-10.0
CC(=O)CC(=O)c1cnccc1C,-10.0
CN(Cc1ncccn1)C(=N)N,-10.0
N#CC(O)Cc1ccncn1,-10.0
CC(C)C(C)(C)C=C1CC(N)C1,-10.0
C#CCNc1ccccc1C(=O)OC,-10.0
NCc1ccncc1N1CCCOCC1,-10.0
CS(=O)(=O)c1ncc(N)c(O)n1,-10.0
CC(N)c1ccc(C#N)o1,-10.0
Cc1ccc(NCCC2CNCCN2C)cc1,-10.0
CC(C)C(CO)SCCOCc1ccccc1,-10.0
CCNc1cc(N(OC)C(C)C)ccn1,-10.0
NCCCCCCc1ccccc1,-10.0
OCC(O)Cc1ccncn1,-10.0
CC(O)(C(=O)O)c1cncnc1,-10.0
CSCCOCc1cncc(C#N)c1,-10.0
COC(=O)Cc1ccccc1C(=O)OC,-10.0
CC1CN2CCCC2CN1S(N)(=O)=O,-10.0
Cc1ccnc(NC(=O)NCCO)c1,-10.0
C=CCCC(=O)c1ncccn1,-10.0
CCC(CN)C(C)(O)Cc1ccccc1,-10.0
COC(=O)CSc1ccncc1C#N,-10.0
OC1CCN(CC2CCOCO2)CC1,-10.0
CN(CCOc1ccccc1)c1ccccn1,-10.0
COCC(O)CN(C)c1cc(C)ccn1,-10.0
CCOCC(=O)C(O)c1cnccc1C,-10.0
CC(C)(O)C(O)c1ccccc1,-10.0
Cc1ccncc1CNC(=N)C(C)(C)C,-10.0
OCCCC(O)c1cncnc1,-10.0
CCC(CCOCc1ccccc1)C(C)=O,-10.0
Cc1nc(CN(C)C)ncc1N,-10.0
NC(=O)C(=O)Nc1cncnc1,-10.0
CS(=O)(=O)CCSc1ccncc1C#N,-10.0
CCOC(CC)C(N)c1cnccc1C,-10.0
C=CCN(CCO)C(=O)c1ccccc1,-10.0
Cc1ccncc1CNCC(N)=NO,-10.0
C#CCONC(=O)c1cnccc1C,-10.0
O=CCCCc1ccncn1,-10.0
N#Cc1cccnc1OCCO,-10.0
NC1CCS(=O)(=O)NC1=O,-10.0
Cc1ccncc1C(CN)N(C)C,-10.0
Cc1ccncc1C(C)CC#N,-10.0
NCC=Cc1ccccc1S(N)(=O)=O,-10.0
CC(C)NC(=O)c1cncc(C#N)c1,-10.0
CCNC1(C#N)CCN2CCC1C2,-10.0
CC(CO)SCC(C)(O)c1ccccc1,-10.0
C=CCN(C)C(=O)OCc1ccccc1,-10.0
CC(C#N)CNC(=O)OCc1ccccc1,-10.0
Cc1ccnc(NC(C)(C)C(C)O)c1,-10.0
Cc1csc(C2NCCCC2O)c1,-10.0
CCCNC(=N)c1cc(C)ccn1,-10.0
CS(=O)(=O)CCNc1ncccc1C#N,-10.0
CCNc1cc(NCCSSC)ccn1,-10.0
N#Cc1cccc(-c2ncco2)n1,-10.0
COC(=O)c1ccccc1CC(C)SC,-10.0
CNC(c1ccccc1)c1ccccn1,-10.0
CNC(CN)c1cnccc1C,-10.0
Cc1ccncc1CC(N)C(C)O,-10.0
NCCc1ncccn1,-10.0
CNC(=NN)C(C)c1ccccc1,-10.0
CCCCNc1ccccc1S(N)(=O)=O,-10.0
Cc1ccnc(NC(C)C#N)c1,-10.0
CCNc1cc(NC(C)COC)ccn1,-10.0
CC(C)(C)CC=C1CCCC1N,-10.0
CCSc1ncnc(OC)c1N,-10.0
c1ccc(SC2CCCCC2)nc1,-10.0
CCNCCNc1ccc(C#N)cn1,-10.0
CCCCCNc1ccncc1C#N,-10.0
COCCN(C)CCNc1cc(C)ccn1,-10.0
CC(CN)N(C)c1ncccn1,-10.0
Cc1ccsc1C1(O)CC2C=CC1C2,-10.0
CCNc1cc(SCCO)ccn1,-10.0
N#Cc1ccc(NC(=O)CCN)nc1,-10.0
CC(C)(N)COc1ccncn1,-10.0
CCC(CCO)Cc1ccccc1,-10.0
CCNCCc1cncnc1,-10.0
N#Cc1cccc(C2CC(=O)CN2)n1,-10.0
COCCSc1ccc(C#N)cn1,-10.0
CCCCNC(CC(=O)O)Cc1ccccc1,-10.0
CC(C)=CC(N)c1cncnc1,-10.0
N#Cc1ncccc1N1CCSCC1,-10.0
CCC(CCN)N(Cc1ccccc1)OC,-10.0
Cc1ccncc1NC(=N)NC(C)(C)C,-10.0
O=C(Cc1ccccn1)NCc1ccccc1,-10.0
NC(N)(CCCc1ccccc1)C(=O)O,-10.0
Cc1ccncc1CON,-10.0
CCCC(O)(CC)CCCOCc1ccccc1,-10.0
N#Cc1ccc(N2CCCOCC2)nn1,-10.0
CC(CNc1ccncc1C#N)C(=O)O,-10.0
Cc1ccnc(C(N)CCCO)c1,-10.0
N#CCC(CN)c1ncccn1,-10.0
CCNC1CCC(C#N)CC1,-10.0
NCCCC#Cc1ccccc1,-10.0
CCCCC(N)CN(CC)c1ccccc1,-10.0
CC#CCNCc1cc(C)ccn1,-10.0
CON(C)CC(C#N)c1ccccc1,-10.0
CCCCCCOc1ccc(C#N)cn1,-10.0
CC(=O)C(C)C=Cc1ccccc1,-10.0
C#CC(NCC)C(CC)c1ccccc1,-10.0
NC(=O)COc1ncccn1,-10.0
CCNC1(C#N)CCCC12CC2,-10.0
Cc1ccncc1CN=C(N)NN,-10.0
C=C(C)C=C1CCC(N)C1,-10.0
CCN=C(N)SCC#Cc1ccccc1,-10.0
COCCC(C)Nc1ccncc1C#N,-10.0
CCNc1cccc(NCC(C)SC)n1,-10.0
CN(CCN)c1ncccc1C#N,-10.0
N#Cc1ccc(N2CCCCC2=O)cn1,-10.0
CC1CNC(=O)N(CC(N)=O)C1=O,-10.0
CC(C)C(CNc1ccccc1)C(=O)O,-10.0
CCNC1CCCC1C#N,-10.0
COCCCC(C)(N)c1cnccc1C,-10.0
NC1CCCCC12CC2,-10.0
COC(=O)c1ccccc1CSCCCO,-10.0
ON=Cc1cncnc1,-10.0
N#Cc1cccc(C2CCNC2=O)n1,-10.0
N=C(N)NCc1ncccn1,-10.0
CC(C)C=NOCc1ccccc1,-10.0
Cn1ccc(CC(N)=O)n1,-10.0
COC(=O)c1cccc(CC=CCO)c1,-10.0
COC(=O)CSc1ccc(C#N)cn1,-10.0
CNC(=O)NCc1cc(C)ccn1,-10.0
NCC(OC1CCCCC1)c1ccncc1,-10.0
CCC(O)CSc1ccncn1,-10.0
CC(C)Oc1ncnc(N)c1N,-10.0
CCNc1ncccc1CN(CC)CCO,-10.0
C=C(C)CONC(=O)c1ccccc1,-10.0
C=CC(CCc1ccccc1)NCCC,-10.0
COC(C)CCC(=O)c1cnccc1C,-10.0
Cc1ccncc1C(C)(N)CC(C)C,-10.0
C=CCSCCNc1ccncc1C#N,-10.0
Cc1ccsc1C1(O)CC2COCC21,-10.0
CCCOCCC(O)c1cnccc1C,-10.0
C=C(CNC)c1ccncn1,-10.0
CCC(CN)N(C)c1cc(C)ccn1,-10.0
CC1CCN(CC(N)=O)CCO1,-10.0
C=C(COC)C(=O)c1cnccc1C,-10.0
CN(C)CC(=O)c1ncccn1,-10.0
CCCN(CCC)c1ccnc(NCC)c1,-10.0
CC(C)C(CO)Nc1ccc(C#N)cn1,-10.0
CCNc1cccc(CC#N)n1,-10.0
CNC(=O)c1cnccc1C,-10.0
CCC(CNCc1cnccc1C)OC,-10.0
CC(O)CN(C)c1ncccn1,-10.0
CNC(=O)CCNc1ccncc1C#N,-10.0
O=CCOC(=O)c1ccccc1,-10.0
CC(=O)Nc1ncccc1C#N,-10.0
CC(C)=CCC=C1CC(N)C1,-10.0
O=C(CC1CCOCC1)Nc1cccnc1,-10.0
CC(CN)C(O)C(=O)c1ccccc1,-10.0
CC=CCSCc1ncccn1,-10.0
NS(=O)(=O)c1ccccc1NO,-10.0
CCC(CC)C(NC)c1cc(C)ccn1,-10.0
CC(CNCC(O)c1ccccc1)N(C)C,-10.0
Cc1ccncc1CN(C)CC(=O)O,-10.0
CCNc1cccc(CC(C)C)n1,-10.0
CCCNc1ncc(N)cn1,-10.0
CSCCN(C)c1ncccn1,-10.0
CCCCC(C)Nc1ncccc1C#N,-10.0
CC(C)(C)c1ncncc1N,-10.0
N#Cc1cccnc1C(N)CO,-10.0
CCNC1(C#N)CS(=O)(=O)C1,-10.0
CCNc1cccc(CN(C)CCO)n1,-10.0
Cc1ccncc1C(C)NCCCO,-10.0
C=CCCCNCc1cc(C)ccn1,-10.0
CCNc1cc(OCCOCC)ccn1,-10.0
CC(C#N)C(O)c1ccncn1,-10.0
CSCCNCc1cnccc1C,-10.0
CNNCc1ccc2c(c1)CCCN2C,-10.0
Cc1ccnc(NC(=O)NN)c1,-10.0
CCC(C)CC(NN)c1cc(C)ccn1,-10.0
Cc1ccncc1C(=O)CO,-10.0
C=CCNCC(C)Oc1cnccc1C,-10.0
CCOC(=O)CC(=O)c1cnccc1C,-10.0
COC(CCN)c1cncnc1,-10.0
CNC(c1ccccc1)C(CN)C(C)C,-10.0
CC(C)(CNCc1ccccc1)OCCO,-10.0
SCc1cncnc1,-10.0
CCNc1cccc(NCC(O)CC)n1,-10.0
O=CCCc1ccncn1,-10.0
CN(CCO)C(=O)NCc1ccccc1,-10.0
Cc1ccsc1C1CCCCC(O)C1,-10.0
CN1CCC(O)(C2=CCOCC2)CC1,-10.0
Cc1ccnc(C(=O)NCC#N)c1,-10.0
COC(=O)CC(C)Sc1cc(C)ccn1,-10.0
Cc1ccccc1OCC1CNCCN1C,-10.0
NC1CC2CC1C2,-10.0
CCNc1cccc(C(=O)N(C)CC)n1,-10.0
C=C(C)CNc1ncc(N)cn1,-10.0
CCNc1cc(SCC(=O)NC)ccn1,-10.0
C=C1CCN(c2cccnc2C#N)CC1,-10.0
CCNc1cc(OCCCC(C)C)ccn1,-10.0
Cc1ccncc1C(C)N,-10.0
CC(C(=O)O)c1ccncn1,-10.0
CC#CCOc1ccc(C#N)cn1,-10.0
COC(=O)Cc1ncc(N)cn1,-10.0
CN(C)c1ncc(N)c(O)n1,-10.0
CCC(NC(=O)N(C)C)c1ccccc1,-10.0
CCOCCNc1ccccc1S(N)(=O)=O,-10.0
CCCC(N)Cc1ccccc1,-10.0
COC(=O)c1cccc(CC(N)CO)c1,-10.0
CCC(CC)(CC)NCCc1ccccc1,-10.0
O=C(CO)NC(=O)c1ccccc1,-10.0
CS(=O)(=O)NCCN1CCCCC1,-10.0
COC(=O)c1ccc(CC(C)S)cc1,-10.0
CCCC(N)C(=O)Nc1cnccc1C,-10.0
CNC(COc1ccccc1)c1cccnc1,-10.0
COc1ccccc1,-10.0
CNC(c1ccccn1)C1CCCCC1,-10.0
CCNCC(Oc1cccnc1)c1ccccc1,-10.0
Cc1ccnc(NCC(C)CO)c1,-10.0
Cc1ccncc1CNC(=O)CC#N,-10.0
CC(C)CNCC(CO)c1ccccc1,-10.0
C=C(CC)CNCC(O)c1ccccc1,-10.0
CC(C)(O)CCCc1ccccc1,-10.0
C=CCC(C)=C1CCCC1N,-10.0
OC1CCN(Cc2ccoc2)CC1,-10.0
O=C(COC1CCCCC1)Nc1ccccn1,-10.0
CCCCCCNc1ncccc1C#N,-10.0
CCCc1ccccc1S(N)(=O)=O,-10.0
NC1C2COCC12,-10.0
CCCCC=C1CCC(N)C1,-10.0
Cc1ccsc1C1=CC(O)CCCC1,-10.0
O=C(CC1CCCCN1)Nc1cccnc1,-10.0
CS(=O)(=O)SCc1ccccc1,-10.0
CCC(CC)=C1CC(N)C1,-10.0
OC1(Cc2ccsc2)CC2CCC1C2,-10.0
Cc1cccc(C2CNCCN2C)c1,-10.0
COC(C(N)=S)c1cnccc1C,-10.0
C=CCONCc1cncc(C#N)c1,-10.0
CC(C)C(=O)Cc1ccncn1,-10.0
CSCCOc1cnccc1C,-10.0
C#CCOc1ccc(C#N)cn1,-10.0
CCCC(N)c1ccncn1,-10.0
CC(c1ccccc1)C(O)C(C)(C)C,-10.0
NC(=O)CNCc1ccncn1,-10.0
C=C(C)C(NC)c1ncccn1,-10.0
C=CCCCCNC(C)c1ccccc1,-10.0
CCC1(O)CCN(Cc2ccsc2)CC1,-10.0
CC(CON=Cc1ccccc1)C(=O)O,-10.0
CCNc1ccc(CNC(C)(C)C)cn1,-10.0
CCCNC(CCOC)c1cnccc1C,-10.0
O=NCC(=O)c1ccccc1,-10.0
N#Cc1ccc(C2CNCCO2)cn1,-10.0
CC(=O)c1cccc2c1CCCN2C,-10.0
N#Cc1cncc(CSCC(N)=O)c1,-10.0
Cc1cc(CN2CCC(O)CC2)cs1,-10.0
COC(C(=O)O)c1cc(C)ccn1,-10.0
CN(C)C(CO)Cc1ccccc1,-10.0
NC1C2CCC1NC2,-10.0
CC(C)CCCNc1ncccc1C#N,-10.0
CCCCC(C)Nc1cnccc1C,-10.0
C=CCNc1ncccn1,-10.0
CN(C)Nc1ccc(C#N)cn1,-10.0
CCNc1ncccc1CN(C)CCOC,-10.0
CCOCCN(C)c1ncccc1C#N,-10.0
CC(C)(CS)COCC=Cc1ccccc1,-10.0
Cc1ccncc1C(=O)CC(C)N,-10.0
CCNc1cccc(SCCN(C)C)n1,-10.0
N#Cc1ncccc1N1CC2(CSC2)C1,-10.0
C=CC(NCC)C(O)c1cnccc1C,-10.0
C=CC(O)c1cccc(C(=O)OC)c1,-10.0
CCC(SC)C(=O)Nc1cnccc1C,-10.0
CCC(CN)Nc1ncccc1C#N,-10.0
CC(C#N)c1ccncn1,-10.0
Nc1snc2sccc12,-10.0
CC(C)NCCNc1ncccc1C#N,-10.0
C=CCN(CC(=O)O)Cc1cnccc1C,-10.0
C=C(CNc1ccccc1)C(=O)O,-10.0
CCC(C)(C)CC(NN)c1ccccc1,-10.0
CC(C)(CCN)c1ccncn1,-10.0
O=C(CCC1CCCCC1)Nc1ccncc1,-10.0
CCOC(=O)c1ccccc1,-10.0
CC(CN)COc1ncccc1C#N,-10.0
NN1CCSCC1,-10.0
CCCCOc1ncccc1C#N,-10.0
CC(C)SCc1cncc(C#N)c1,-10.0
CC(=O)CCSc1ccncn1,-10.0
OC1CNCCN(Cc2ccsc2)C1,-10.0
COC(=O)c1ccc(C(S)CN)cc1,-10.0
Cc1ccnc(S(=O)O)c1,-10.0
CC(O)Cc1ncccn1,-10.0
CCC(C)(C)c1ccccc1,-10.0
CNCCOc1cccc(C(=O)OC)c1,-10.0
CC(C)CC=C1CCOCC1N,-10.0
CCN(CC)CCC(N)c1cnccc1C,-10.0
CC(C)CCC(=NN)Nc1ccccc1,-10.0
CN1CCCc2ccc(C(=N)N)cc21,-10.0
OC(COc1ccccc1)Cc1ccccn1,-10.0
C#CCCC=C1CC(N)C1,-10.0
CCCNC(C)c1cncc(C#N)c1,-10.0
CCC(N)C(CO)Oc1ccccc1,-10.0
CON(C)CC(=O)c1ccccc1,-10.0
CC(N)(C(=O)NO)c1ccccc1,-10.0
CN(Cc1ccncn1)C(=N)N,-10.0
CC(C)N(Cc1ccccc1)C(N)=O,-10.0
C=C(C)C(NCC)c1cnccc1C,-10.0
c1ccc(SCCNCC2CCCCC2)nc1,-10.0
CN(CC(N)=O)c1ncccc1C#N,-10.0
NN1CCS(=O)(=O)CC1,-10.0
CC(C)CSCc1ncccn1,-10.0
CSCC(C)N(C)c1ccncc1C#N,-10.0
Oc1ccccc1Cc1ccsc1,-10.0
N#Cc1ccc(N2CC=CCN2)cn1,-10.0
COCCN(C)c1ncccn1,-10.0
Cc1ccncc1C(=O)NCC=CCO,-10.0
NC(=O)COc1ccccc1,-10.0
O=C(CC1CNCCO1)Nc1cccnc1,-10.0
N#CC1CCCN(CCN)C1,-10.0
C=C(CC)CC(COCc1ccccc1)NC,-10.0
CCC(N)COc1ccc(C#N)cn1,-10.0
CCOCC(=O)c1cnccc1C,-10.0
COC(=O)c1ccc(NC#N)cc1,-10.0
NC12CC(=O)NCC1C2,-10.0
COC(CNc1ccccn1)C1CCCCC1,-10.0
CC(N)c1csc(C#N)c1,-10.0
CCC(CC)CC(N)c1cc(C)ccn1,-10.0
Cc1ncnc(CC(=O)O)c1N,-10.0
CC(C)C(C)(C)Nc1ncccc1C#N,-10.0
CCN(Cc1cncc(C#N)c1)C(C)C,-10.0
O=C(O)c1ncccc1N1CCCOCC1,-10.0
Cc1sccc1CC(N)=O,-10.0
CCSCCSc1ccc(C#N)cn1,-10.0
CSCC(C)NCc1cncc(C#N)c1,-10.0
CCCCCNC(=O)c1ccc(C#N)cn1,-10.0
CC(C)Sc1ncccn1,-10.0
NC1C(=O)NC(=O)NC1=O,-10.0
Cc1ccnc(CNCC(C)(C)C)c1,-10.0
NC1=NC(=O)NC12CCC2,-10.0
OCC(CO)Nc1ncccn1,-10.0
CCNc1cc(CN(C)CC)ccn1,-10.0
CCC(C)C(O)c1cc(C)ccn1,-10.0
CCN(Cc1ccccc1)C(=O)C(C)O,-10.0
Cc1ccncc1C(O)C(=O)C(C)C,-10.0
CC(C)C(CC(O)CN)c1ccccc1,-10.0
COC(=O)c1cccc(CSCCC#N)c1,-10.0
COC(C)(C)CNCc1cc(C)ccn1,-10.0
CCCCCCC(C)Nc1cnccc1C,-10.0
C=C1CCC2(CC1)CC2N,-10.0
COCCOCC=C1CC(N)C1,-10.0
CC(C)NCc1ccc(C#N)cn1,-10.0
Cc1ccncc1NC(=S)NN,-10.0
COCC(CN)(COC)NCc1ccccc1,-10.0
ON=C(c1ccccc1)c1cccnc1,-10.0
Cc1ccncc1OC(C)C(=O)O,-10.0
Cc1ccncc1C(O)CC(C)C,-10.0
N#Cc1cccnc1NCCC(N)=O,-10.0
C#CCCNc1ccc(C(=O)OC)cc1,-10.0
CSCCNC(C)c1cc(C)ccn1,-10.0
O=C(NCCC1CCCN1)NC1CCCCC1,-10.0
OC1(Cc2ccsc2)CCCNCC1,-10.0
Cc1ccnc(C=NO)c1,-10.0
CC(C)(O)CSCc1ccccc1,-10.0
CC(C)COCc1cncc(C#N)c1,-10.0
C=CCCSc1ncccc1C#N,-10.0
COC(=O)CCc1cnccc1C,-10.0
CNCC=Cc1cncnc1,-10.0
COC(CN)c1cnccc1C,-10.0
CCOC(=O)CCNc1cc(C)ccn1,-10.0
COC(=O)c1cccc(C(O)CN)c1,-10.0
Cc1ccsc1C1(O)CCC2CCC21,-10.0
CC#CCOc1ccc(C(=O)OC)cc1,-10.0
CN(CCCCO)c1ccc(C#N)cn1,-10.0
C=CCC(C=C)Oc1ccc(C#N)cn1,-10.0
CC(N)(C#N)CCc1ccccc1,-10.0
Cc1ccncc1NS(=O)(=O)CCCN,-10.0
CC(Cc1ccncc1)NC1CCCCC1,-10.0
NC1CCN2C(=O)CCC12,-10.0
CCNc1cccc(NCCC(O)CC)n1,-10.0
C#CCC(O)c1ncccn1,-10.0
CCNc1cccc(SC(C)CCO)n1,-10.0
N#CC(c1ccncc1)C1CCCCC1,-10.0
O=C(CC1CSC1)Nc1cccnc1,-10.0
C=C(CN)COCc1ccccc1,-10.0
CC(C)=CCNC(C)c1cc(C)ccn1,-10.0
C=CCN(CC)c1ccc(C#N)cn1,-10.0
NC1CCc2ccoc21,-10.0
S=C=NCCCOCc1ccccc1,-10.0
NC1=NC(=O)C2CCCN12,-10.0
NN1CCCCCCC1,-10.0
N#Cc1cccnc1NCCSCCCO,-10.0
N#Cc1ccc(NCCCCN)nc1,-10.0
CC(CN)CNc1ncccc1C#N,-10.0
COC(=O)c1ccc(C=CC#N)cc1,-10.0
COC(C)(CN)c1cncnc1,-10.0
N#CC1CCN(Cc2ccsc2)CC1,-10.0
NC1CCC1=O,-10.0
CCONC(=O)c1ccc(C#N)cn1,-10.0
CCN(C1CCNCC1)S(C)(=O)=O,-10.0
CN(CCNCc1ccccn1)c1ccccc1,-10.0
CCNc1cc(NC(C)(C)CC)ccn1,-10.0
COC(C)C(=O)Nc1cc(C)ccn1,-10.0
N#Cc1ccc(C(=O)NCCCN)nc1,-10.0
COCCCNCc1cncc(C#N)c1,-10.0
Cc1ccnc(C(C)CC(C)O)c1,-10.0
NC1CCCC2CC12,-10.0
O=C(c1ccccn1)C1CCCCC1,-10.0
O=C(O)CSCCNCCOCc1ccccc1,-10.0
CN=C(NC)NCc1cnccc1C,-10.0
NN1CC2CCC2C1,-10.0
CCN(CCC(=O)O)Cc1cnccc1C,-10.0
CCC(C)CN(C)c1ccncc1C#N,-10.0
CCC(C)CNc1cnccc1C,-10.0
C#CCNC(=O)c1ccc(C#N)cn1,-10.0
C=CCN(C)c1ncccn1,-10.0
CCC(CC(C)O)Nc1cc(C)ccn1,-10.0
CC(C#N)CNc1ccc(C#N)cn1,-10.0
NC1CCc2nonc21,-10.0
CCCNC(=N)N(CCC)Cc1ccccc1,-10.0
CCC(C)(CC)CC(N)c1ccccc1,-10.0
CC(C)=CC(O)c1cncnc1,-10.0
CCCCN(Cc1ccncc1)C1CCCCC1,-10.0
c1ccc(NCCc2cccnc2)cc1,-10.0
COC(=O)CCSc1ncccc1C#N,-10.0
N#CCCCC(N)COCc1ccccc1,-10.0
Cc1ccc(CC2CNCCN2C)cc1,-10.0
CCC(C)C(C)NCc1cnccc1C,-10.0
N#CC=C(c1ccccc1)c1cccnc1,-10.0
O=C(CN1CCNCC1)Nc1cccnc1,-10.0
COC(C)(C)CNc1cnccc1C,-10.0
C#CCCCCNc1cc(C)ccn1,-10.0
NC12COCC1CS(=O)(=O)C2,-10.0
Cc1ccnc(N(C)CCNC(C)C)c1,-10.0
CCNc1cccc(NC(C)(C)COC)n1,-10.0
N#CC(NCC(N)=O)c1ccccc1,-10.0
CCCN(C)c1ccncc1C#N,-10.0
CCC(C)CC(NC)c1cc(C)ccn1,-10.0
CC(=O)NC1CC2CC2CC1C,-10.0
CNC(CC1CCCCC1)c1ccncc1,-10.0
CCCCCSc1cccc(NCC)n1,-10.0
C=CCC(C)C(=O)CCc1ccccc1,-10.0
CN(CCN)Cc1ccncn1,-10.0
C=C(CNC)COc1cnccc1C,-10.0
CC(Nc1ncccc1C#N)C(C)(C)C,-10.0
Cc1ccnc(NC(=O)C=CCN)c1,-10.0
CCN(C)Cc1cncnc1,-10.0
CC(=O)c1ncccn1,-10.0
CCN=C(N)NCc1cnccc1C,-10.0
CCCc1nc(CC)ncc1N,-10.0
CCCCC(=O)Nc1ccc(C#N)cn1,-10.0
Cc1ccncc1NS(=O)(=O)C(C)C,-10.0
Nc1ccncn1,-10.0
NS(=O)(=O)c1ccccc1CCCS,-10.0
CC(C)=CCNc1ncccn1,-10.0
CC(CN)N(C)c1ncccc1C#N,-10.0
NC1CCCOC1,-10.0
COC(CN)C(Cc1ccccc1)OC,-10.0
CC(C)C(C)(C)Nc1ccncc1C#N,-10.0
NN1C(=O)CCC1=O,-10.0
CSCCC(=O)Nc1ccc(C#N)cn1,-10.0
CCC(C)C(C=Cc1ccccc1)NC,-10.0
COCC(C)CNc1ncccc1C#N,-10.0
CNC(c1cccnc1)C1CCCCC1,-10.0
CS(=O)(=O)NCCNCCc1ccccc1,-10.0
N#CC(CSc1ccccn1)c1ccccc1,-10.0
CC(CO)N=C(N)Nc1ccccc1,-10.0
Cc1ccncc1OC(CN)C(C)C,-10.0
NC1CCc2ccsc21,-10.0
OC(CC1CCCCC1)c1cccnc1,-10.0
CC(CN)(CO)c1cncnc1,-10.0
CS(=O)(=O)NCCc1ccc(O)cc1,-10.0
COCCNCCOc1cnccc1C,-10.0
CC#CC(=O)Nc1cc(C)ccn1,-10.0
Nc1snc2c1CCC2,-10.0
NC1COC1=O,-10.0
CC(=O)NC1C(=O)NCCC1C,-10.0
COCCOCCOc1ccc(C#N)cn1,-10.0
NC1CC2C=CC1CC2,-10.0
CSCCNC(c1ccccc1)c1ccccn1,-10.0
CCNc1cccc(NCCCCO)n1,-10.0
CCOC(=O)C(C)Nc1ncccc1C#N,-10.0
CCCC(N)CCc1cnccc1C,-10.0
CNCC(C(=O)OC)c1ccccc1,-10.0
CC1=CC(=O)N(CC(N)=O)C1=O,-10.0
CC(=O)N(C)c1ccc(C#N)cn1,-10.0
CCC(CC)C(=O)c1cnccc1C,-10.0
CCNc1cncc(C#N)c1,-10.0
CC(O)CN(C)c1ccncc1C#N,-10.0
CCCOC(=O)C(OC)c1ccccc1,-10.0
Cc1ccnc(C(=O)CCC(=O)O)c1,-10.0
Nc1cccc(S(N)(=O)=O)c1,-10.0
C#CCCC(COCc1ccccc1)NC,-10.0
C=C(C)CN(C)c1ccncc1C#N,-10.0
N#Cc1cccc(-c2cnco2)n1,-10.0
NN1CCNC1=S,-10.0
OC(c1ccccn1)C1CCCCC1,-10.0
N#Cc1ncccc1C1OCCC1=O,-10.0
C=CCCCN(C)c1ccncc1C#N,-10.0
CNCC(C)Nc1cc(C)ccn1,-10.0
CC(O)C(N)CNc1ccncc1C#N,-10.0
CC(=O)Nc1oncc1C,-10.0
Cc1ccncc1CN(C)CC(C)O,-10.0
CCC(=O)CCc1ncccn1,-10.0
Cc1ccnc(CNCC(C)(C)O)c1,-10.0
CCC(Nc1ccccc1)C(=O)NC,-10.0
CS(=O)(=O)NCCc1ccc(N)cc1,-10.0
Cc1ccsc1C1CCC(O)C1,-10.0
C=C(C)CC(N)C(OC)c1ccccc1,-10.0
CC1CSCCN1CC(N)=O,-10.0
N#Cc1ccc(NCCCCO)nc1,-10.0
CCCCCc1ccc(C#N)cn1,-10.0
CC=CC(NN)c1ncccn1,-10.0
CSCCCCNc1ncccc1C#N,-10.0
C=CCOCc1ccc(C(=O)OC)cc1,-10.0
CCCCNC(=O)Nc1cnccc1C,-10.0
CNCCN(C)Cc1cncc(C#N)c1,-10.0
C#CC(=O)Nc1ccccc1C(=O)OC,-10.0
C=CC(=O)N(C)CCCCc1ccccc1,-10.0
Cc1ccncc1C(C)NCC#N,-10.0
Cc1cccc(CNCC2CNCCN2C)c1,-10.0
CC(O)(CN)COCc1ccccc1,-10.0
Cc1ccncc1CNCC#CCO,-10.0
C=CCSCCc1ccccc1,-10.0
CNC(=O)CN(C)c1ncccc1C#N,-10.0
CC(CNc1ccc(C#N)cn1)N(C)C,-10.0
CCOCCNc1ccncc1C#N,-10.0
CC(N)CCNc1ccncc1C#N,-10.0
CCOC(C)C(NC)c1cnccc1C,-10.0
C=CC=CCCNc1ccncc1C#N,-10.0
NCC(CO)c1ncccn1,-10.0
Cc1ccncc1CC(C)(C)C(=O)O,-10.0
COC(=O)c1ccc(CC#CCN)cc1,-10.0
CC(Oc1ccccc1)C(=O)NCCN,-10.0
CCC(C)C(N)c1cnccc1C,-10.0
CCc1ncnc(OC)c1N,-10.0
Cc1ccnc(C(=O)C(C)C)c1,-10.0
CN(CCc1ccccc1)CC(O)CCN,-10.0
OC1(Cc2ccsc2)CCOCC1,-10.0
CNC(CN)c1cncnc1,-10.0
CC(N)c1ccccc1S(N)(=O)=O,-10.0
CC(C)(N)Cc1ccncn1,-10.0
CCNc1cc(NCCOC)ccn1,-10.0
CC(N)CN(C)c1ccc(C#N)cn1,-10.0
CC(=O)NN1CCCN(C)C1=O,-10.0
CCC(CC)COc1ncccc1C#N,-10.0
N#Cc1cccnc1C(=O)C(=O)O,-10.0
Cc1ccnc(NC(=O)NCC(C)N)c1,-10.0
N#Cc1cccnc1C(N)C(=O)O,-10.0
CCOc1ncc(N)cn1,-10.0
N=C(NCc1ccccn1)C1CCCCC1,-10.0
N#Cc1ccc(N2CCCOCC2)nc1,-10.0
CC(C)C=C1CCCCC1N,-10.0
CON=Cc1ccncn1,-10.0
O=C(CC1CCCCC1)Nn1cnnc1,-10.0
CCC(CC)N(C)c1ncccc1C#N,-10.0
COC(C)(CCc1ccccc1)C(C)N,-10.0
CC(OCCOCc1ccccc1)C(=O)O,-10.0
NCCCC(O)c1cncnc1,-10.0
CC(C)(C#N)c1ccncn1,-10.0
CSCCCNc1cc(C)ccn1,-10.0
CCCCC(=O)Nc1ccc(NCC)nc1,-10.0
COC1CN(Cc2ccsc2)CCC1O,-10.0
NC1CC12CS(=O)(=O)C2,-10.0
CN(C)c1ncc(N)cn1,-10.0
Cc1ccnc(CNC(=O)C(C)N)c1,-10.0
CC(C)C(N)CNc1ccc(C#N)cn1,-10.0
COC(C(=O)O)C(OC)c1ccccc1,-10.0
COC(=O)c1ccccc1S,-10.0
CCOCC(O)CC(C)COCc1ccccc1,-10.0
C=CCC(CO)Nc1ncccc1C#N,-10.0
Cc1ccnc(NCCC(C)CCN)c1,-10.0
CC=CC(N)COc1ccccc1,-10.0
N#Cc1ccccc1C1CCOCCN1,-10.0
N#CN1CCCCC1CCN,-10.0
CCC(NCCc1ccccc1)C(N)=O,-10.0
CN1CCC(OC2COCCC2=NO)CC1,-10.0
N#Cc1cncc(C#CCC(=O)O)c1,-10.0
NC1CC2(CC(=O)N2)C1,-10.0
Cc1csc(C2NCCCCC2O)c1,-10.0
CN=C(N)NOCc1ccccc1,-10.0
CCNc1cc(CSCCOC)ccn1,-10.0
N#Cc1cnccc1SCCC(N)=O,-10.0
CNC(=O)Cc1cncnc1,-10.0
c1ccc(NCC2CCCCC2)nc1,-10.0
CCC(N)c1ccccc1S(N)(=O)=O,-10.0
OC1CCN(Cc2ccon2)CC1,-10.0
CNC(c1cnccc1C)C(C)(C)OC,-10.0
CCC(CO)Nc1cc(C)ccn1,-10.0
CC(CN)NC(C(=O)O)c1ccccc1,-10.0
CCCN(CCN)c1ccc(C#N)cn1,-10.0
CN(CC(O)CN)c1ncccc1C#N,-10.0
CN(Cc1ccncc1)CC1CCCCC1,-10.0
CCC(C)(C)CNc1cnccc1C,-10.0
CCON(CC)Cc1cncc(C#N)c1,-10.0
NC(=O)CSc1ncc(N)cn1,-10.0
CC(=O)NC1(C)CCCC1,-10.0
O=C(S)c1cncnc1,-10.0
CCNc1cccc(SC(C)C(C)C)n1,-10.0
COC(=O)c1cccc(CN(C)O)c1,-10.0
NC1CCC2(CC1)CC2,-10.0
CN=C(Nc1cccnc1)c1ccccc1,-10.0
CC(CN)Oc1ncccc1C#N,-10.0
CC(C)(C)c1ccccc1,-10.0
CNCC=Cc1ncccn1,-10.0
NCC(CN)CCc1ccccc1,-10.0
CSC(C)C(=O)Nc1cc(C)ccn1,-10.0
CCC(CC#N)Nc1ncccc1C#N,-10.0
CCNC(CC)c1cc(C)ccn1,-10.0
CCCCC(=O)Nc1cnccc1C,-10.0
CC(C)Cc1ncncc1N,-10.0
CCC(O)C(O)c1cncnc1,-10.0
Cc1ccnc(CC(O)CN)c1,-10.0
CCC(C)CSc1ncccc1C#N,-10.0
Cc1ccncc1CNCC(C)(C)CN,-10.0
OC(CCOCc1ccccc1)c1cccnc1,-10.0
CCCCOCc1ccnc(NCC)c1,-10.0
CC(C)CC(N)c1ccncn1,-10.0
COCCC(C)NCc1cc(C)ccn1,-10.0
CCC(CC)C(N)c1cc(C)ccn1,-10.0
CC(C)CSc1ccncc1C#N,-10.0
N#Cc1cc(-c2ccncc2)ccn1,-10.0
CC(Oc1ccccc1)C(=O)N(C)C,-10.0
CCN(Cc1ccccc1)C(C)(C)C,-10.0
CCNc1cccc(NCC(=O)OC)n1,-10.0
CCCNC(c1cnccc1C)C(C)C,-10.0
CC(C)(CO)Sc1ccncc1C#N,-10.0
CC(Sc1ccccc1)c1cccnc1,-10.0
Nc1ncc(N)c(C(=O)O)n1,-10.0
OC1CCN(Cc2ncccn2)CC1,-10.0
Cc1ccncc1C(=O)CNCC(C)C,-10.0
Cc1ccncc1CNC(=O)C#CCN,-10.0
C=CCCCC(NC)c1cc(C)ccn1,-10.0
Cc1ccnc(C(=O)CCCC(C)C)c1,-10.0
CCN(CC(C)C)c1ccncc1C#N,-10.0
C=C(CNCC=C(C)C)c1ccccc1,-10.0
Nc1nc2c(s1)NC(=O)C2,-10.0
O=C(CC1CCCCC1)NC1CCSCC1,-10.0
N#Cc1nccc(N2CCCOCC2)n1,-10.0
CCCCCCOc1ccncc1C#N,-10.0
N#Cc1cnn2ccn(CCN)c12,-10.0
CCOc1ncncc1N,-10.0
C#CCSCCNc1cc(C)ccn1,-10.0
Cc1ccnc(C(O)C(C)N)c1,-10.0
CC#CCCC(COCc1ccccc1)NC,-10.0
CC(=CC(=O)O)c1ccncn1,-10.0
CN1CC(O)Cc2ccccc21,-10.0
OCC(Nc1ccccn1)C1CCCCC1,-10.0
C(C=Cc1ccccn1)=Cc1ccccc1,-10.0
OC(CNCc1ccccc1)c1ccccn1,-10.0
CCC(CC)c1ccc(C(=O)OC)cc1,-10.0
CCCC(C)(N)CCOCc1ccccc1,-10.0
CC(N)CCNc1ncccc1C#N,-10.0
CC(C)C(C)c1ncc(N)cn1,-10.0
CN1CCCc2cc(C(N)=S)ccc21,-10.0
N#Cc1ccc(C2COC(=O)N2)cn1,-10.0
CC(O)(C=O)CCC=Cc1ccccc1,-10.0
CC(CO)Sc1ccncn1,-10.0
CC(=O)CC(O)c1cncnc1,-10.0
CSCC(C)CNc1ccc(C#N)cn1,-10.0
NC(CO)Sc1ccccc1,-10.0
C=CC(C)Oc1ncccc1C#N,-10.0
N#CCc1ncc(N)cn1,-10.0
CCSCC=C1CC(N)C1,-10.0
CCCNC(CNC)c1ccccc1,-10.0
CSCC(C)NCc1cc(C)ccn1,-10.0
C=CCCC=C1CC(N)C1,-10.0
Cc1ccncc1OCC(C)CN,-10.0
CNC(COC)c1cncnc1,-10.0
Cc1ccncc1C(N)CCO,-10.0
CCNCC(=O)OCc1ccccc1,-10.0
CCNc1ncccc1CN(C)CCSC,-10.0
CCNc1cccc(CSC(C)CC)n1,-10.0
COC(=O)c1ccccc1CNCCC(C)O,-10.0
CC(Nc1ccccc1)c1ccccn1,-10.0
CN1CCCc2cc(C(N)=NO)ccc21,-10.0
CCNc1cccc(N(C)C(C)CO)n1,-10.0
Cc1ccncc1C(N)C(N)=O,-10.0
NCCOCCCNC(=O)NCc1ccccc1,-10.0
N#Cc1ccc(C2CNCCC2=O)cn1,-10.0
CC(N)CNc1ccc(C#N)cn1,-10.0
CCC(O)(CC)C(N)c1cnccc1C,-10.0
CNCC(O)CCCc1ccccc1,-10.0
CCS(=N)(=O)Nc1cnccc1C,-10.0
Cc1ccncc1NC(C(C)C)C(C)C,-10.0
C#CCCCNCc1cncc(C#N)c1,-10.0
CCC(O)CNC(N)=Nc1ccccc1,-10.0
Cc1ccncc1OCC(C)N,-10.0
COC(C)CN(C)c1ccc(C#N)cn1,-10.0
COC(=O)c1ccc(NO)cc1,-10.0
Cc1ccncc1C#CCN,-10.0
Cn1cc(CC(N)=O)cn1,-10.0
CCCN(C)c1cccc(NCC)n1,-10.0
Cc1ccnc(NC(=O)CCS)c1,-10.0
CN1CC2(C1)CN(CC(N)=O)C2,-10.0
CCCC=NNc1ncccn1,-10.0
N#Cc1cccc(N2CCSC2)n1,-10.0
Cc1ccnc(NC(=O)C(C)C)c1,-10.0
N#Cc1cncc(S(=O)(=O)NN)c1,-10.0
CC(C)C(=O)OCCNCCc1ccccc1,-10.0
C#CCC(CO)NCc1cnccc1C,-10.0
CCOC(=O)C(CC)Cc1ccccc1,-10.0
CCNc1cc(OC(C)COC)ccn1,-10.0
C#CC(CC)Nc1ccncn1,-10.0
Cc1ccnc(CNCCN)c1,-10.0
N#Cc1cnccc1NC(CO)CO,-10.0
COC(=O)CNc1cncnc1,-10.0
CNC(CC(=O)O)c1cnccc1C,-10.0
CCCC(O)C(N)c1cnccc1C,-10.0
CSCC(C)(O)c1cnccc1C,-10.0
Cc1ccncc1OCC(O)C(C)C,-10.0
CCC(O)c1cncnc1,-10.0
NCCOc1ccncn1,-10.0
Cc1ccsc1-c1cc(O)ccn1,-10.0
NN1CCCNC1=O,-10.0
CCNc1cc(C#N)cnn1,-10.0
Cc1ccnc(CCC(C)N)c1,-10.0
CC1CCN(CC(N)=O)CCN1,-10.0
CCSCC(NN)c1cnccc1C,-10.0
CCNCc1ccnc(NCC)c1,-10.0
COC(=O)c1cccc(CC#CCO)c1,-10.0
N#CCOC(=O)c1ncccn1,-10.0
CC1CN(CC(N)=O)CCS1,-10.0
Cc1ccncc1C(CN)NCCO,-10.0
Nn1ccnn1,-10.0
Cc1ccnc(NC(C)CC(C)C)c1,-10.0
CC(N)CC(C)Nc1ccc(C#N)cn1,-10.0
O=C(CCCc1ccccn1)c1ccccc1,-10.0
CC#CC(=O)Nc1ccc(C#N)cn1,-10.0
CNC(=NCc1cnccc1C)NC,-10.0
CC(=O)Nc1ccnnc1C,-10.0
CCCNC(=S)NCc1cc(C)ccn1,-10.0
N#Cc1cc(N2CCCOCC2)ccn1,-10.0
CCOC(C)CNc1cc(C)ccn1,-10.0
OC1CCCC(Cc2ccsc2)C1,-10.0
N#Cc1ccc(S(N)(=O)=O)cc1,-10.0
O=C(CSCCc1ccccc1)NO,-10.0
CNC(CCO)c1ccncn1,-10.0
Cc1ccncc1C(C)(O)C=O,-10.0
O=C(CC1CCCCC1)Nc1cnccn1,-10.0
C#CCC(C)NCc1cncc(C#N)c1,-10.0
c1ccc(CNCCOc2ccccn2)cc1,-10.0
CC(C)(C)OCOc1ccccc1,-10.0
C#CCOC(=O)c1cnccc1C,-10.0
CC(O)CNCc1ccncn1,-10.0
N#Cc1ncccc1C1CNC(=O)O1,-10.0
Cc1ccnc(C(C)(C)N=C=O)c1,-10.0
CC(=O)Cc1cncnc1,-10.0
N#Cc1cccc(N2CCCNCC2)n1,-10.0
NC(Cc1ccccc1)Cc1cccnc1,-10.0
Cc1ccncc1NC(=N)C(C)(C)C,-10.0
CC(OCCCc1ccccc1)C(N)=NO,-10.0
NC1COC2(CC2)C1,-10.0
CCC(C)(CO)SC(C)c1ccccc1,-10.0
C=C(C)CNc1ccncc1C#N,-10.0
C=CCCCNc1ccncn1,-10.0
NCCCCOc1ncccn1,-10.0
C=C(CC)CC(=O)c1cnccc1C,-10.0
C#CCON=Cc1cnccc1C,-10.0
CN(CCNc1ccncc1)Cc1ccccc1,-10.0
CC(=O)Nc1cnnn1C,-10.0
O=C(NCCC1CSC1)NC1CCCCC1,-10.0
NC1CC2CCC1O2,-10.0
Cc1nc(C(C)C)ncc1N,-10.0
O=C=NC(=O)c1cncnc1,-10.0
CCC(CN)(C(=O)OC)c1ccccc1,-10.0
C=C(COC)C(N)c1cnccc1C,-10.0
CC(C)(C#N)Cc1ncccn1,-10.0
CC(N)C1(C#N)COC1,-10.0
CSCCCN(CC(=O)O)c1ccccc1,-10.0
CCN(CCN)c1ncccc1C#N,-10.0
CC(C)(C)C#CCC(O)c1ccccc1,-10.0
NC1=NC(=O)C2(CCC2)O1,-10.0
CCCCNCc1cncc(C#N)c1,-10.0
CCCS(=N)(=O)NCc1cnccc1C,-10.0
Cc1ccncc1CNC(=NN)NC(C)C,-10.0
Cc1ccncc1C(=O)NCC(N)=O,-10.0
Cc1ccncc1C(C)(N)CCC(C)C,-10.0
CC(N)C(=O)Cc1ccccc1,-10.0
C=CCC(N)c1ccncn1,-10.0
O=C(O)CSc1ncccn1,-10.0
C#CC(CCC)NCc1cnccc1C,-10.0
CN(C)NC(=O)c1ccc(C#N)cn1,-10.0
N#Cc1cnc(CCN)s1,-10.0
CC(C)CNc1ccncc1C#N,-10.0
CC=CCCNc1ncccc1C#N,-10.0
C#CC(N)C(O)c1ccncn1,-10.0
COc1cccc(S(N)(=O)=O)c1,-10.0
CS(=O)(=O)Cc1ncc(N)cn1,-10.0
CCOCCNC(=O)c1ccc(C#N)cn1,-10.0
NC1Cc2csc(=S)n2C1,-10.0
CC(O)CCN(CCO)Cc1ccccc1,-10.0
COCCCNc1ccc2c(c1)CCCN2C,-10.0
CC(O)(CO)CC#Cc1ccccc1,-10.0
CC(=CCCN)c1cnccc1C,-10.0
CNNc1ccccc1S(N)(=O)=O,-10.0
CON(C)CCNc1ncccc1C#N,-10.0
N#Cc1ccc(N2CCNCC2)cn1,-10.0
CCc1cccc(S(N)(=O)=O)c1,-10.0
CC(O)CCC(=O)c1ccccc1,-10.0
NCc1ccc(N2CCCOCC2)cn1,-10.0
CSCCC(C)Nc1ncccc1C#N,-10.0
CN1CCCc2cc(C(N)C#N)ccc21,-10.0
C=CCC(N)c1cnccc1C,-10.0
CN(C)C(=S)Sc1ncccn1,-10.0
C#CCN(C)c1ncccc1C#N,-10.0
NCCCc1cccc(S(N)(=O)=O)c1,-10.0
CC(CNc1ccccn1)Sc1ccccc1,-10.0
CC#CCC=C1CCOCC1N,-10.0
CCCC(C)C=C1CCC(N)C1,-10.0
CN1CCCc2cccc(CCCCN)c21,-10.0
C=C(CCN)C(OC)c1ccccc1,-10.0
N#Cc1ncccc1C1CNCCO1,-10.0
CC(C)CNCC(C)COCc1ccccc1,-10.0
COC(=O)c1ccccc1CNCC(C)C,-10.0
Nc1cnc(O)nc1O,-10.0
Sc1ccncn1,-10.0
CCNS(=O)(=O)CC1CCCCO1,-10.0
N#CCC(c1ccccc1)c1cccnc1,-10.0
CC(O)CCCCCc1ccccc1,-10.0
Nc1cnc(CO)nc1,-10.0
CCC(OC)C(=O)Nc1cnccc1C,-10.0
CON(C)c1ncncc1N,-10.0
NC1=NCCS1,-10.0
CC(=O)Nc1cc(C)on1,-10.0
Cc1ccncc1N,-10.0
CSCC(NN)c1cnccc1C,-10.0
Nc1nn2cnnc2s1,-10.0
CC(=O)NC1CCSC1C,-10.0
NCC(SC1CCCCC1)c1ccccn1,-10.0
CCC(CC)COc1cnccc1C,-10.0
CC(SC(C)(C)C)c1ccccc1,-10.0
N#Cc1ncccc1N1CCCCO1,-10.0
NC1CCc2csnc21,-10.0
CC(C)C(=O)c1ncccn1,-10.0
C=CCOc1cnccc1C,-10.0
NC(=O)COC(=O)c1ccccc1,-10.0
C=CC(C)(C)Nc1cc(C)ccn1,-10.0
C#CCNC(C)c1cc(C)ccn1,-10.0
CNCC(C)CNc1ccc(C#N)cn1,-10.0
CC1CC(=O)NCCN1CC(N)=O,-10.0
C=CC=C1CCC2(CC1)CC2N,-10.0
CCC(NCc1ccccn1)C1CCCCC1,-10.0
COCCC(N)C(O)c1cnccc1C,-10.0
CNCC1CCN(Cc2ccsc2)CC1,-10.0
C#CCCN(C)C(=O)c1cnccc1C,-10.0
CC(NC(=O)CSCCCN)c1ccccc1,-10.0
CCC(N)c1ccc(C(=O)OC)cc1,-10.0
Cc1ccncc1C(COC(C)C)NN,-10.0
SCCCCOCc1ccccc1,-10.0
CC(C)CC(=O)c1ccncn1,-10.0
OCC(CNc1ccccn1)c1ccccc1,-10.0
CC(O)CN(CC(=O)O)c1ccccc1,-10.0
COCCCC(N)(CO)c1ccccc1,-10.0
CCC(C=C1COCC1N)CC,-10.0
O=C(O)c1cncnc1,-10.0
CC(C)N(C)c1ncccn1,-10.0
CC1CCCCN1Cc1ccsc1,-10.0
N#Cc1cncc(CS)c1,-10.0
NC1=NC(=O)CS1,-10.0
CC(=O)NN=Cc1cnccc1C,-10.0
C=C(C=C1CCCC1N)CC,-10.0
C=CCNCc1cncc(C#N)c1,-10.0
CNCC(C)Cc1cncnc1,-10.0
CCOCCCC(O)c1cnccc1C,-10.0
CC(CO)Sc1ncccc1C#N,-10.0
N#Cc1cccnc1C#N,-10.0
NC1=NCC(=O)NN1,-10.0
CC(N)c1ccc(C#N)s1,-10.0
CN(CC(=O)O)c1ccncn1,-10.0
CNC(=NN)Nc1cncnc1,-10.0
CC(=O)c1cncnc1,-10.0
CCCCS(=O)(=O)Nc1ccccc1,-10.0
OC1CCN(CC2CO2)CC1,-10.0
C#CCCC(=O)Nc1ccc(C#N)cn1,-10.0
Cc1ccnc(NCCCCCCO)c1,-10.0
CCC(N)(CC)C(=O)c1cnccc1C,-10.0
CCC(O)CN(CCN)Cc1ccccc1,-10.0
CC1C(=O)CC2CCC1N2CC(N)=O,-10.0
CCC(C)Oc1cnccc1C,-10.0
O=S(O)c1ncccn1,-10.0
C=CCNC(=S)N(CC)Cc1ccccc1,-10.0
CCNC(CCOC)c1cc(C)ccn1,-10.0
CNc1ncc(N)c(C)n1,-10.0
O=C(CCc1ccccc1)c1ccccn1,-10.0
Cc1ccccc1NCC1CN(C)CCN1,-10.0
NC1C2CCC1CSC2,-10.0
O=CC(O)C(=O)Cc1ccccc1,-10.0
CNCCOCc1cnccc1C,-10.0
Cc1ccccc1CCNCCC1CNCCN1C,-10.0
O=C(CC1CCCCC1)NC1CCCCNC1,-10.0
CCC(O)c1ccc2c(c1)CCCN2C,-10.0
CSC(C)CCNc1ncccc1C#N,-10.0
CN1CCCc2cc(C(O)C#N)ccc21,-10.0
N#Cc1ccc(NCCCCCN)nc1,-10.0
ON=Cc1ncccn1,-10.0
N#Cc1cccnc1C(O)CN,-10.0
CSCC(C)NC(N)=NCc1ccccc1,-10.0
Cc1ccncc1OCCO,-10.0
CCNc1cccc(N(C)C(C)C)n1,-10.0
CCC(C)N(C)c1ccc(C#N)cn1,-10.0
COC(=O)C(=O)Nc1cc(C)ccn1,-10.0
NC(CCO)c1cncnc1,-10.0
O=C1CC(O)CN1Cc1ccsc1,-10.0
N=C1CCC(N)=N1,-10.0
CC(=O)NC(C)CNCc1ccccc1,-10.0
O=C(O)c1ncccn1,-10.0
CN1CCC(O)(c2cnccn2)CC1,-10.0
COCCNC(c1ccccc1)c1ccncc1,-10.0
CC(CN)CSCc1cncc(C#N)c1,-10.0
Cc1cccc(NCC2CNCCN2C)c1,-10.0
CCCOc1ncnc(S)c1N,-10.0
CC(N)Cc1ccc2c(c1)CCCN2C,-10.0
CC(O)(C(=N)N)c1ccccc1,-10.0
CCCCC(NC(C)C)c1cnccc1C,-10.0
NC1=COCCC1,-10.0
O=C(CC1CCCCC1)NC1CCNC1,-10.0
CCCC(C)CC(O)c1cc(C)ccn1,-10.0
CNC(c1cc(C)ccn1)C(C)COC,-10.0
C=CNC(=O)OCc1ccccc1,-10.0
CCON(CC)c1ccc(C#N)cn1,-10.0
N#Cc1cccc(CNCC2CNCCO2)c1,-10.0
CCCCNC(C)c1cnccc1C,-10.0
CCCCN(CC)c1ncccc1C#N,-10.0
OC1CCN(CC2CCCCO2)CC1,-10.0
CNC(=O)N(C)c1cnccc1C,-10.0
N#Cc1cccnc1S(N)(=O)=O,-10.0
C=CCCSCc1cc(C)ccn1,-10.0
CN1CCCc2cc(CNCCC#N)ccc21,-10.0
N#Cc1cnccc1NCCNC(N)=O,-10.0
CC(N)CCc1ccncn1,-10.0
CN=S(C)(=O)c1ncccn1,-10.0
N#CC(N)CSc1ccncn1,-10.0
CCCNC(=O)Nc1ncccc1C#N,-10.0
CC(C)(CO)Sc1ncccn1,-10.0
CC(O)CNC(CO)c1ccccc1,-10.0
COc1ncc(N)c(C)n1,-10.0
CCCC(N)C(O)CC(C)c1ccccc1,-10.0
COCCc1cccc(C(=O)OC)c1,-10.0
OCC(Nc1ccccc1)c1ccncc1,-10.0
C=CCC(N)c1cncnc1,-10.0
CN1CCCc2cc(CNO)ccc21,-10.0
CCC(NCCc1ccncc1)C1CCCCC1,-10.0
NCCOCCS(=O)(=O)Cc1ccccc1,-10.0
CCCN(C)c1ccc(C#N)cn1,-10.0
Cc1ccncc1C(O)C(=O)O,-10.0
CCC(C(C)C)C(O)c1cnccc1C,-10.0
CC(=O)Nc1ccnn1C,-10.0
CCCCOCc1cccc(NCC)n1,-10.0
CN(N)Cc1cncc(C#N)c1,-10.0
CCNc1cccc(NCC(C)N(C)C)n1,-10.0
CCC(C=NO)=Cc1ccccc1,-10.0
NC1CC2CC=CC12,-10.0
CCCCCN(C)c1ccncc1C#N,-10.0
CSCCCOc1cnccc1C,-10.0
O=C1CCC(CN2CCC(O)CC2)CC1,-10.0
CC=CCNc1ccccc1S(N)(=O)=O,-10.0
N#Cc1cccc(C2COCCCN2)c1,-10.0
CNCCc1ncccn1,-10.0
CCCSCc1ncccn1,-10.0
COC(=O)C(O)Cc1cnccc1C,-10.0
CC(C)(CO)CSc1ccccc1,-10.0
Cc1ccncc1C(C)NCCC(C)O,-10.0
Cc1ccccc1CC1CNCCN1C,-10.0
Cc1ccnc(CONC(N)=O)c1,-10.0
N#Cc1cccnc1SCCCO,-10.0
OCCCCSc1ncccn1,-10.0
C=CCC(C)NCc1cnccc1C,-10.0
CCON(c1ccc(C#N)cn1)C(C)C,-10.0
CC(C)(C=C1CC(N)C1)CO,-10.0
N#Cc1ncccc1C1C2CNCC21,-10.0
COC(=O)N(C)c1ccc(C#N)cn1,-10.0
Cc1ccnc(CNCCCC#N)c1,-10.0
Cc1ccncc1C(C)(N)CC#N,-10.0
CCC(O)CCc1ccncn1,-10.0
CC(CN)SCC(=O)Nc1ccccc1,-10.0
N#Cc1cccc(-c2cccnc2)n1,-10.0
CC(=O)C=Cc1ncccn1,-10.0
CCNc1ncccc1CSCC(=O)OC,-10.0
NCC(OCc1ccccc1)c1cccnc1,-10.0
CCCSCC(=O)c1cnccc1C,-10.0
CC(=O)Nc1ccccc1C,-10.0
N#Cc1ccc(C2OCCC2=O)cn1,-10.0
Cc1ccncc1C#CCNC(C)(C)C,-10.0
CC(N)C1CCN(Cc2ccsc2)CC1,-10.0
CCCNC(c1ccccc1)c1ccncc1,-10.0
CC#CCNC(C)(C)c1ccccc1,-10.0
CC(=O)OC(C)c1cnccc1C,-10.0
CC(O)CCCNc1ccccc1,-10.0
CCCC(C)C(=O)Cc1ccccc1,-10.0
CCC(O)c1ccccc1C(=O)OC,-10.0
COC(=O)c1ccccc1C(C)(C)N,-10.0
C=C(C)c1ncc(N)cn1,-10.0
CCNc1cncnc1,-10.0
CC(C)(C)c1ccncn1,-10.0
CCc1ncccc1C#N,-10.0
C=C(CC)CNc1ncccc1C#N,-10.0
NC1CC2(CNC(=O)C2)C1,-10.0
NC1CC2(CSC2)C1,-10.0
CC(CCO)Sc1ccncc1C#N,-10.0
CC(=O)CC(=O)NCc1cnccc1C,-10.0
C#CCCN(C)C(=O)NCc1ccccc1,-10.0
NN1CCCC1=O,-10.0
OC(Cc1cccnc1)C1CCCCC1,-10.0
COCCNC(=O)c1cncc(C#N)c1,-10.0
OC1CCN(Cc2cccnn2)CC1,-10.0
CN1CCC(O)(C2=CCCCCC2)CC1,-10.0
NCC1CCN(Cc2ccsc2)CC1,-10.0
N#Cc1cccnc1NC(=O)C(=O)O,-10.0
CC(=O)CSc1ccc(C#N)cn1,-10.0
CCOCC(N)c1ncccn1,-10.0
CCCC(C)N(C)CCSc1ccccc1,-10.0
N#Cc1ncccc1N1CCCSCC1,-10.0
NC1CC2(CCC(=O)O2)C1,-10.0
CCC(CNCCNCc1ccccc1)C(C)C,-10.0
CC(O)C(C)Nc1ccc(C#N)cn1,-10.0
O=C(NO)c1ccncn1,-10.0
NC1CNOC1=O,-10.0
NCCCNCc1ccncn1,-10.0
C=CCC(CN)CCCOCc1ccccc1,-10.0
N#CC1CCCN(Cc2ccsc2)C1,-10.0
CCC(CNc1ccc(C#N)cn1)OC,-10.0
CCCCCC(O)c1cnccc1C,-10.0
N#Cc1cccc(N2CCC(=O)C2)n1,-10.0
CN1CCCc2cc(CCC=O)ccc21,-10.0
NCC(CN)Nc1ccncn1,-10.0
C#CC(CO)Nc1ccncc1C#N,-10.0
NC(=O)NCc1ccncn1,-10.0
COC(CNCc1cnccc1C)OC,-10.0
CCCN(CCO)c1ccc(C#N)cn1,-10.0
CCC(O)C1CCCCN1Cc1ccsc1,-10.0
CC1Cc2ccccc2N1S(N)(=O)=O,-10.0
CC(CN(C)C)Nc1ccccc1,-10.0
CN1CCC(O)(C2CCCC2)CC1,-10.0
OCCCNC(c1ccccc1)c1ccccn1,-10.0
Cc1ccsc1C1(O)CCCC12CCC2,-10.0
C=CC(C)NCCCOCc1ccccc1,-10.0
CC1(CC(N)=O)CCCC1,-10.0
Cc1ccncc1C(=O)N(C)CCC#N,-10.0
CNCCOc1cc(C)ccn1,-10.0
CC(CN)Cc1ccc2c(c1)CCCN2C,-10.0
CC(=Cc1ccncn1)C(=O)O,-10.0
CC(C#N)=C(N)c1ncccn1,-10.0
CCNc1ccc(C(=O)NN(C)C)cn1,-10.0
CC(=O)NC1CCCC1C,-10.0
OC(COCc1ccccc1)Cc1cccnc1,-10.0
CCNc1cc(SC(C)CCO)ccn1,-10.0
CN1CCCc2cccc(CCO)c21,-10.0
O=C(CC1CCCCC1)NC1COCCOC1,-10.0
CCN(Cc1ccccc1)C(=O)CCSC,-10.0
CC=CCNc1ncccn1,-10.0
Cc1ccsc1C1CC(O)CO1,-10.0
Cc1ccnc(C(CN)N(C)C)c1,-10.0
CC(=O)C(=O)c1ncccn1,-10.0
CCC=C1CCCC(N)C1,-10.0
Nc1ccc2c(c1)CC2,-10.0
CC(C)(CO)OCC=Cc1ccccc1,-10.0
C=C(C)CCC(N)C(C)c1ccccc1,-10.0
CCCC(C)C(O)c1cc(C)ccn1,-10.0
C=CCOC(=O)c1ccncn1,-10.0
CCOCC(COc1ccccc1)NC,-10.0
COC(=O)c1ccc(N(C)CCO)cc1,-10.0
CN1CCC(O)(C2CO2)CC1,-10.0
Cc1ccsc1C1CCCC(O)C1,-10.0
CCSCCC(C)C(O)c1ccccc1,-10.0
O=C(Nc1cccnc1)OC1CCCCC1,-10.0
N#Cc1cc(-c2nccs2)ccn1,-10.0
c1ccc(CCNCCC2CCCCC2)nc1,-10.0
COC(=O)c1cccc(N(C)C)c1,-10.0
N=C(N)c1ccncc1N1CCCOCC1,-10.0
CC(=CCC=Cc1ccccc1)CN,-10.0
COCC(=O)C(O)c1cnccc1C,-10.0
CCCC(O)c1cnccc1C,-10.0
CNCCNc1ccc(C#N)cn1,-10.0
CCC(C)SCC(O)(CN)c1ccccc1,-10.0
COC(=O)c1nc(O)ncc1N,-10.0
CNC(C)CC(=O)Nc1cc(C)ccn1,-10.0
CN1CCCc2c(C(N)C#N)cccc21,-10.0
CC(CO)(CO)Nc1ccncc1C#N,-10.0
COCCONCc1cncc(C#N)c1,-10.0
CCC(C)C(O)C(OC)c1ccccc1,-10.0
NC1C2CCC1COC2,-10.0
N#CC1CC2CCC(C1)C2CCN,-10.0
CC#CCNc1cccc(C(=O)OC)c1,-10.0
C=CC=CCCNCc1cc(C)ccn1,-10.0
CC(C)=C1CCCC1N,-10.0
CCCN(CCC(O)CNC)Cc1ccccc1,-10.0
CCC(CC)CC(NC)c1cc(C)ccn1,-10.0
N#CCCNC(=O)C=Cc1ccccc1,-10.0
O=C(CC1CCCCC1)Nc1ccsn1,-10.0
OCC(COc1cccnc1)Cc1ccccc1,-10.0
NS(=O)(=O)c1ccc(CS)cc1,-10.0
CCNc1ncccc1CN(C)C(C)C,-10.0
O=C(CC1CCCCC1)Nc1cnns1,-10.0
CC(Nc1ccncc1)c1ccccc1,-10.0
CNc1ncnc(OC)c1N,-10.0
CN(C)CCSCc1cncc(C#N)c1,-10.0
Cc1ccccc1C(=O)C1CNCCN1C,-10.0
CC(C)CC(=O)c1cncnc1,-10.0
CS(=O)(=O)NCCN1CCNCC1,-10.0
COC(C)C(C)(N)c1cnccc1C,-10.0
CSCCCSc1ccncc1C#N,-10.0
CCOC(=N)C(C)(C)c1ccccc1,-10.0
NC1CC2C(=O)NC(=O)C2C1,-10.0
OC1(Cc2ccsc2)CCCOC1,-10.0
CNC(=O)c1ccccc1,-10.0
CCNC(c1cc(C)ccn1)C(C)COC,-10.0
Cc1nn(CC(N)=O)c(=O)s1,-10.0
CC=CCSCc1cc(C)ccn1,-10.0
CCC(C)(O)CNCc1cnccc1C,-10.0
C=CCC(CO)CNc1cc(C)ccn1,-10.0
C#CCC(NC)c1cncnc1,-10.0
C=CCSCc1cccc(NCC)n1,-10.0
CCCC(NCC(O)CO)c1ccccc1,-10.0
N#Cc1cccnc1NCC#CC(=O)O,-10.0
Cc1ccnc(C(N)C(C)C)c1,-10.0
CC(C)c1ccncc1C#N,-10.0
Cc1ccnc(N(C)CCCCO)c1,-10.0
CC(C)Nc1ccc2c(c1)CCCN2C,-10.0
Cc1ccncc1OCCOCCS,-10.0
Cc1ccncc1C(C#N)NCC(C)C,-10.0
CCC(CC)(CC)CNc1ccccc1,-10.0
Cc1nc(CO)ncc1N,-10.0
CCCC(OC)C(C#N)NCc1ccccc1,-10.0
CCNc1cccc(NC(C)CO)n1,-10.0
OC1CCN(Cc2cccnc2)CC1,-10.0
CCCNC(=O)CNc1ccc(C#N)cn1,-10.0
O=C=NC(=O)Cc1ccccc1,-10.0
Cc1ccccc1NCC1CNCCN1C,-10.0
CNCc1cc(CN2CCCCC2)cs1,-10.0
CCCC(O)c1ccc2c(c1)CCCN2C,-10.0
COC(=O)CCc1ccccc1C(=O)OC,-10.0
CCNc1cc(CNC(C)(C)C)ccn1,-10.0
CCCCNC(=S)Nc1cnccc1C,-10.0
N#Cc1ccc(C2CCC(=O)N2)cn1,-10.0
CCNc1cc(NCC(C)CSC)ccn1,-10.0
N#Cc1ccc(NS(N)(=O)=O)nc1,-10.0
CCNc1cc(OC(C)C)ccn1,-10.0
CSCC(C)C(=O)c1cnccc1C,-10.0
COCCNC(=S)Nc1cnccc1C,-10.0
NN=C(NC1CCCCC1)c1cccnc1,-10.0
CCCN(Cc1ccccc1)C(C)C#N,-10.0
CNC(CC(C)OC)c1cnccc1C,-10.0
CC(=O)Nc1ncsc1C,-10.0
COC(=O)Nc1ccc(C#N)cn1,-10.0
C=C(CN)c1cncnc1,-10.0
COC(=O)c1cccc(NN)c1,-10.0
O=C(NCCc1ccncc1)Nc1nccs1,-10.0
N#Cc1cccc(N2CCOCC2)c1,-10.0
CCSCCOCCCNCc1ccccc1,-10.0
CCNc1cccc(NCC(C)CCO)n1,-10.0
CC(C)NC(=O)c1ccc(C#N)cn1,-10.0
NC1=NCCCCC1,-10.0
Cc1ccncc1C(CN)C(=O)O,-10.0
C=CC(C)Oc1cccc(NCC)n1,-10.0
C#CCCC(=O)Nc1cnccc1C,-10.0
NCC1CCCN(Cc2ccsc2)C1,-10.0
CN1CCCc2cccc(C=CCN)c21,-10.0
CCC(CC)OCCNc1ccccc1,-10.0
COCC(C)NCc1cncc(C#N)c1,-10.0
CSCCCc1ncc(N)cn1,-10.0
CCCN(C)C(CN)c1cnccc1C,-10.0
CCN(CCSC)c1ccc(C#N)cn1,-10.0
O=C(CCSc1ccccn1)c1ccccc1,-10.0
CC(=O)NC1C2CN(C)CC21,-10.0
CCCC(C)Oc1ccncc1C#N,-10.0
Cc1ccsc1C1=CC(O)CNC1,-10.0
CC1CN(Cc2ccsc2)CCC1O,-10.0
CCOC(=O)C(=O)c1ccccc1,-10.0
CCNC(=O)CNc1ccc(C#N)cn1,-10.0
CCNc1cccc(N(C)CCN(C)C)n1,-10.0
C=CC(O)c1ncccn1,-10.0
CN(C)c1ncncc1N,-10.0
COC(=O)c1ccc(CC=CCO)cc1,-10.0
CC(CCCO)NC(=O)Nc1ccccc1,-10.0
CCN(CCO)c1ncccn1,-10.0
CCNc1ncc(C#N)s1,-10.0
O=C(Nc1cccnc1)NC1CCCCC1,-10.0
Cn1ncn(CC(N)=O)c1=O,-10.0
C#CC(C)NC(C)c1cc(C)ccn1,-10.0
Cc1ccncc1C(=O)C(C)(C)CN,-10.0
CC(=O)Nc1nnc(C)s1,-10.0
Cc1ccncc1CNCC(O)CO,-10.0
NC1CC2COC2C1,-10.0
CNCC(Cc1ccccc1)N(C)C,-10.0
C=C(C)CCNCc1cnccc1C,-10.0
COC(=O)c1ccccc1SC,-10.0
Cc1ccnc(C(N)C(O)C#N)c1,-10.0
C=CCCNC(=O)CCc1ccccc1,-10.0
C=CCCOc1ccncc1C#N,-10.0
OC1(COCCc2cccs2)CCNCC1,-10.0
CNCCCc1ccccc1S(N)(=O)=O,-10.0
CC(=O)Cc1cnccc1C,-10.0
Nc1cc2n(n1)CCO2,-10.0
CCON(C)c1ccncc1C#N,-10.0
CSc1ncccc1C#N,-10.0
NN1C(=O)NC2(CCC2)C1=O,-10.0
NC(CC1CCCCC1)c1cccnc1,-10.0
NC1CCC2CCC1O2,-10.0
COC(=O)C1CCC1S(N)(=O)=O,-10.0
COC(C)c1ncc(N)c(O)n1,-10.0
N#Cc1ccc(N2CCCN2)cn1,-10.0
N#CN(CCCO)c1ccccc1,-10.0
COC(=O)n1nccc1S(N)(=O)=O,-10.0
CC=CCNC(=O)c1ccc(C#N)cn1,-10.0
O=C(O)CNCc1ncccn1,-10.0
CC(O)c1cccc2c1CCCN2C,-10.0
CCNc1cc(COC(C)(C)C)ccn1,-10.0
CC(C)CNCc1ncccn1,-10.0
N#CSCCCNc1ccc(C#N)cn1,-10.0
COC(=O)c1ccccc1C(=O)OC,-10.0
CSCCNc1ncccc1C#N,-10.0
Cc1ccnc(OCCCCCN)c1,-10.0
CCN(CC(=O)O)Cc1cnccc1C,-10.0
N#Cc1cccc(NCCN2CCOCC2)c1,-10.0
Cc1nc(N)ncc1N,-10.0
Cc1ccncc1OC(C)CCCN,-10.0
c1ccc(CNCCSc2ccncc2)cc1,-10.0
CN1CCCc2cc(CCCC#N)ccc21,-10.0
Cc1nc(NC(C)C)ncc1N,-10.0
CN1CCCc2c(CCN)cccc21,-10.0
CC(O)CC(C)CCCOCc1ccccc1,-10.0
CC(C)Nc1ccncc1C#N,-10.0
CCCC(N)C(=O)NCCc1ccccc1,-10.0
OCCNCC(O)COc1ccccc1,-10.0
CCN(CCOC)c1ccncc1C#N,-10.0
COC(CNc1ccncc1C#N)OC,-10.0
CC(=O)CNC(=O)CCCc1ccccc1,-10.0
N#Cc1cncc(CC(=O)O)c1,-10.0
CCC(C#N)NCc1cc(C)ccn1,-10.0
S=C(NCc1ccccc1)Nc1ccccn1,-10.0
Cc1ccsc1-c1nccc(O)n1,-10.0
NS(=O)(=O)c1ccccc1C=O,-10.0
O=C(C=Cc1ccncc1)c1ccccc1,-10.0
CC(O)CNCC(C)Cc1ccccc1,-10.0
CC=CC(NC)C(O)c1ccccc1,-10.0
NC1CS(=O)(=O)C1,-10.0
COC(CNC(C)COCc1ccccc1)OC,-10.0
COCCNCc1ccc(C(=O)OC)cc1,-10.0
CN1CCC(OC2CC3CC2CN3)CC1,-10.0
CCNC1(C#N)CCCC2(CC2)C1,-10.0
CCC(CC)NCCOCc1ccccc1,-10.0
C#CC(CC)NC(C)c1cc(C)ccn1,-10.0
CC(N)CCSCc1cncc(C#N)c1,-10.0
CC(C)(C)CNc1ccncc1C#N,-10.0
COCC(C#N)c1ccccc1,-10.0
NC(COc1ccccc1)Cc1ccncc1,-10.0
CCC(CCO)NCc1cnccc1C,-10.0
COC(=O)C(C)NCc1cc(C)ccn1,-10.0
CC(CSc1ccccc1)ON,-10.0
NC(=O)CCNC(=O)CCc1ccccc1,-10.0
N#Cc1cnccc1NCCCON,-10.0
CC(C)CC(CCc1ccccc1)NN,-10.0
N#Cc1cccnc1NCC#CCO,-10.0
N#Cc1cccc(N2CC=CCC2)n1,-10.0
Cc1ccncc1C(=O)CCC(C)CN,-10.0
CN(CCC#N)Cc1cncc(C#N)c1,-10.0
COC(=O)COc1cnccc1C,-10.0
CNCCC(Cc1ccccc1)C(C)C,-10.0
C=C1CCN(c2cccnc2C#N)C1,-10.0
COCCCCC(O)c1cc(C)ccn1,-10.0
NS(=O)(=O)c1ccccc1S,-10.0
COCC(C)Nc1ccc(C#N)cn1,-10.0
C=CCCC(N)C(O)c1cnccc1C,-10.0
Cc1ccnc(NCC(C)CN(C)C)c1,-10.0
CCCOc1ccccc1C(=O)OC,-10.0
COCC(C)N(C)c1ccc(C#N)cn1,-10.0
NN1CCCCC1=O,-10.0
NC12CCC(CC1)CC2,-10.0
COCC(C)Nc1ncccc1C#N,-10.0
CCOc1cnccc1C,-10.0
COC(C)(Cc1ccccc1)C(C)N,-10.0
CCCCNCc1ccc2c(c1)CCCN2C,-10.0
C#CCONC(CC)c1ccccc1,-10.0
C#CC(=O)Nc1ccc(C#N)cn1,-10.0
CNC(C)(C)c1cnccc1C,-10.0
C=CCSCc1ccnc(NCC)c1,-10.0
O=C(CSc1ccccc1)Cc1cccnc1,-10.0
Cc1ccncc1C(=O)NCC(C)N,-10.0
C#CCN(C)Cc1cncc(C#N)c1,-10.0
CCNc1cccc(C(=O)OC)n1,-10.0
CCC(CNc1cc(C)ccn1)OC,-10.0
CC(N)C(O)CCCc1ccccc1,-10.0
Cc1ccncc1CNC(=O)CS,-10.0
CN(Cc1ccccc1)Cc1ccccn1,-10.0
CCCN(CCC(C)CCS)Cc1ccccc1,-10.0
CNCCCN(C)c1ncccc1C#N,-10.0
C=CCC(C)C(N)c1cc(C)ccn1,-10.0
O=C(NCCC1CCCO1)NC1CCCCC1,-10.0
C#Cc1ccccc1S(N)(=O)=O,-10.0
CNC(=O)CCNCc1cc(C)ccn1,-10.0
CCCC(C)(N)c1cncnc1,-10.0
COCC(CCO)Nc1cc(C)ccn1,-10.0
CCC(O)(CN)c1cncnc1,-10.0
CCCC(C)(C)NCc1cnccc1C,-10.0
CC(C)(C)CNCCOCc1ccccc1,-10.0
CCNC(CCOC)c1cnccc1C,-10.0
C=CCCC(O)c1ncccn1,-10.0
NC1C2CCC1CNC2,-10.0
CSCCCOc1ccncc1C#N,-10.0
NN=C(NC1CCCCC1)c1ccncc1,-10.0
NC1CCOC12CSC2,-10.0
Cc1ccnc(CNC(=O)CCCS)c1,-10.0
NCCN(Cc1ccccc1)Cc1cccnc1,-10.0
N#Cc1cccnc1SCC(=O)O,-10.0
CCNC(Cc1cccnc1)c1ccccc1,-10.0
Cc1ccsc1-c1csc(O)n1,-10.0
O=C=NCCc1ccncn1,-10.0
N#Cc1cnccc1SCCCC(=O)O,-10.0
CC(=O)NC(C)c1ncccn1,-10.0
OC(COc1ccccc1)CSc1ccccn1,-10.0
COC(=O)c1ccccc1C(C#N)OC,-10.0
CNCC#Cc1cccc(C(=O)OC)c1,-10.0
C#CCN(CC=C)c1ncccc1C#N,-10.0
Nc1cc2n(c1)CCC2=O,-10.0
COCc1cncc(C#N)c1,-10.0
CCNCC(C)C(=O)c1cnccc1C,-10.0
N#Cc1ccccc1CCN1CCOCC1,-10.0
CCOc1ncnc(N)c1N,-10.0
O=CNNC(=O)c1cncnc1,-10.0
CC(O)(C#Cc1ccccc1)CC=O,-10.0
COC(=O)COc1ncccc1C#N,-10.0
CCNC1(C#N)CC2CCC1C2,-10.0
CCSCCCNC(C)c1ccccc1,-10.0
CN1CCCc2cccc(C(=N)N)c21,-10.0
COC(=O)c1ccc(NCCCN)cc1,-10.0
CC#CCNc1ccncc1C#N,-10.0
NS(=O)(=O)c1ccccc1C#CCCO,-10.0
CN(C=O)c1ncccn1,-10.0
C#CCONCc1cncc(C#N)c1,-10.0
NC(C(=O)O)c1cncnc1,-10.0
Cn1ccn(CC(N)=O)c(=O)c1=O,-10.0
CC(C)C(O)CNc1ncccc1C#N,-10.0
CC(C)=CCNc1ccc(C#N)cn1,-10.0
CCC(CO)Nc1cncc(C#N)c1,-10.0
CC=CC(=O)c1cc(C)ccn1,-10.0
N#CNc1ccc(S(N)(=O)=O)cc1,-10.0
CCCC(=O)Nc1cc(C)ccn1,-10.0
CSc1cccc(S(N)(=O)=O)c1,-10.0
C=CCCCCNc1ccncc1C#N,-10.0
CCCN(C#N)Cc1ccccc1,-10.0
COCCSC(CN)c1ccccc1,-10.0
CCC(C)(CCN)Nc1cc(C)ccn1,-10.0
CCNc1ncccc1C#N,-10.0
CCOC=NS(=O)(=O)c1ccccc1,-10.0
CCCOc1ncnc(O)c1N,-10.0
CCCN(OC)c1ccc(C#N)cn1,-10.0
COC(=O)C(N)c1cnccc1C,-10.0
COCC(CN)OCc1cnccc1C,-10.0
CONC(=O)c1ccccc1,-10.0
CC=CCCNC(C)c1cnccc1C,-10.0
CC(O)CCc1ncccn1,-10.0
CCSCCNc1ccncc1C#N,-10.0
N#Cc1cnc(N2CCCOCC2)cn1,-10.0
CNC(=N)NCc1ncccn1,-10.0
COCCN(CCO)c1cc(C)ccn1,-10.0
OC(c1ccccc1)c1ccccn1,-10.0
C=C(C)CC(=O)NCc1ccccc1,-10.0
CC(C)NCCOc1ncccc1C#N,-10.0
CC(=O)Nc1cccnc1N1CCCC1,-10.0
CC(C)c1ncc(N)c(O)n1,-10.0
C#CCCCNC(C)c1cnccc1C,-10.0
CCOC(=O)C#CCNCc1ccccc1,-10.0
OC1(Cc2ccsc2)CCSCC1,-10.0
Cc1ccnc(NC(C)(C)CO)c1,-10.0
CCC(N)C(C)Nc1cnccc1C,-10.0
N#Cc1ncccc1CN1CCCOCC1,-10.0
CC(C)(C)C(O)C(N)c1ccccc1,-10.0
CSCCSCc1cncc(C#N)c1,-10.0
CCNCC(C)C(C)c1cnccc1C,-10.0
Cc1ccncc1C(=O)CC(C)(C)N,-10.0
COCCC(C)Nc1ccc(C#N)cn1,-10.0
NC(=S)C1CCCN(Cc2ccsc2)C1,-10.0
Cc1ncc(N)c(CC#N)n1,-10.0
OC1CCN(Cc2cnccn2)CC1,-10.0
CC(=O)c1cnccc1C,-10.0
CCC(CC)C(=O)Nc1cc(C)ccn1,-10.0
NC(=O)C1CCCN(Cc2ccsc2)C1,-10.0
C=CCCN(C)c1ccccc1C(=O)OC,-10.0
CNCC1CCN(C)c2ccccc21,-10.0
CN(CCCO)c1ccncn1,-10.0
c1ccc(Sc2ccccn2)cc1,-10.0
COC(C)(c1cnccc1C)C(C)N,-10.0
CCOCCNCc1cnccc1C,-10.0
COCCCNc1cncc(C#N)c1,-10.0
Cc1ccncc1OCCC(O)CO,-10.0
Cc1ccnc(CNC(=O)C(C)C)c1,-10.0
N#CCCCCCNOCc1ccccc1,-10.0
CC1CN(CC(N)=O)CCC1=O,-10.0
Cc1ccnc(N(C)C(C)CCN)c1,-10.0
CCOCC(C)Nc1ncccc1C#N,-10.0
N#Cc1cncc(COCC(N)CO)c1,-10.0
C=C1CCN(c2ccc(C#N)nc2)C1,-10.0
CSCCCNc1ccccc1S(N)(=O)=O,-10.0
N#Cc1cccc(C2CNC(=O)C2)n1,-10.0
CCC(CN)C(=O)Nc1cc(C)ccn1,-10.0
OCCCSCc1ncccn1,-10.0
Cc1ccnc(C(NN)C(C)C)c1,-10.0
CN(C)CCN(C)c1ccc(C#N)cn1,-10.0
Cc1ccnc(C(C)C=O)c1,-10.0
NC1C2CCS(=O)(=O)CC12,-10.0
CSCCC(NN)c1cnccc1C,-10.0
Cc1cc(CC(N)=O)no1,-10.0
CC(N)Cc1cncnc1,-10.0
N#Cc1ccccc1OCCN1CCOCC1,-10.0
CCNC(c1cnccc1C)C(C)OC,-10.0
CCCSC(CC(=O)O)c1ccccc1,-10.0
N#Cc1cccnc1NO,-10.0
CCC(C)CC(O)C(=O)c1ccccc1,-10.0
CCOC(OCC)C(=O)c1cnccc1C,-10.0
N#Cc1ccc(C(N)=NO)nc1,-10.0
C=CCN(CC)c1ccnc(NCC)c1,-10.0
CCC(O)(CC)CCCOCc1ccccc1,-10.0
CCNc1cc(NCCC(C)O)ccn1,-10.0
C=C(CC)CNc1ccncc1C#N,-10.0
CCNc1cc(OCCCN(C)C)ccn1,-10.0
CNC(COC)C(O)Cc1ccccc1,-10.0
NC1CC2OC(=O)OC2C1,-10.0
C#CCC(CC)Nc1ncccc1C#N,-10.0
CCC(C)(OC)C(O)c1cnccc1C,-10.0
CCNc1cccc(CC)n1,-10.0
CCCCCCNc1ccccc1C(=O)OC,-10.0
COC(=O)c1ccc(OC(C)C)cc1,-10.0
COCc1ncc(N)c(C)n1,-10.0
COCC(=O)Nc1cnccc1C,-10.0
CC(C)Oc1cncc(C#N)c1,-10.0
CCCNC(C)c1cc(C)ccn1,-10.0
COC(=O)c1ccccc1C(C)(C)O,-10.0
N#Cc1cc(-c2ncco2)ccn1,-10.0
C=CCNc1ncnc(O)c1N,-10.0
O=C(CC1CCCCC1)c1ccccn1,-10.0
Cc1ccnc(NCCCOCCN)c1,-10.0
CC1CC(=O)N(CC(N)=O)C1,-10.0
N#Cc1ccc(C2CNC(=O)O2)cn1,-10.0
CNCCCN(C)c1cc(C)ccn1,-10.0
CC(N)c1cnoc1C#N,-10.0
Cc1ccnc(CC(C)C)c1,-10.0
Cc1ccnc(N(C)C(CO)CO)c1,-10.0
Cc1ccncc1C=CCNC(C)C,-10.0
CCNc1cc(N(C)C(C)CSC)ccn1,-10.0
Nc1ncno1,-10.0
CNC(=O)C(CN)Cc1cnccc1C,-10.0
N#Cc1ncccc1C1CCNC1=O,-10.0
NCc1cccc(S(N)(=O)=O)c1,-10.0
CCNC1(C#N)CCCNCC1,-10.0
CC(=Cc1cnccc1C)C(=O)O,-10.0
N#CC1CSC(CCN)=N1,-10.0
C#CCCN(C)c1ccncc1C#N,-10.0
CC(NCCN(C)C(C)C)c1ccccc1,-10.0
NC1CCC(=O)NC1,-10.0
O=C(CC1CCCCC1)NC1CCOC1,-10.0
CC(C#N)N(C)OCc1ccccc1,-10.0
CC(=O)CCCCCc1ccccc1,-10.0
Cc1ccncc1OCCNCC(C)C,-10.0
CCC(C)(C)C(=O)c1cnccc1C,-10.0
CSc1ncc(N)c(N)n1,-10.0
CC(CO)c1cccc2c1CCCN2C,-10.0
CC(=Cc1cnccc1C)CN,-10.0
Cc1ccnc(N(C)C(C)CO)c1,-10.0
CONC(=O)c1ccncn1,-10.0
C=CCCC=C1CCOCC1N,-10.0
CCC(C)CCNc1cc(C)ccn1,-10.0
C=CCN(CC)c1cccc(NCC)n1,-10.0
CCNC(C)(CC(=O)O)c1ccccc1,-10.0
C=CCC(NC)c1ncccn1,-10.0
OC1(Cc2ccsc2)CCN2CCC1C2,-10.0
N#Cc1cncc(CON)c1,-10.0
CC(=O)NC1CC2(COC(C)C2)C1,-10.0
c1ccc(NCc2ccncc2)cc1,-10.0
c1ccc(CNC2CCCCC2)nc1,-10.0
c1ccc(Nc2cccnc2)cc1,-10.0
CC(C)=CCNc1ccncn1,-10.0
CC(NCc1ccccc1)c1cccnc1,-10.0
CCON(C)c1ccc(C#N)cn1,-10.0
CCC(CCN)Nc1ccccc1,-10.0
C=CC(C)(C)CNCc1ccccc1,-10.0
CNCc1cccc2c1N(C)CCC2,-10.0
CC(=O)NC1CN(C)C1,-10.0
N#Cc1cnc(CCN)o1,-10.0
CCNc1cccc(NCCOC)n1,-10.0
CC(CNC#N)Oc1ccccc1,-10.0
COC(=O)c1ccc(CSCC#N)cc1,-10.0
CCCC(C)(CN)Nc1cc(C)ccn1,-10.0
CC=CC(N)c1ccncn1,-10.0
CCN(C(C)C)C(C)c1ccccc1,-10.0
C=CC=CCC=C1CC(N)C1,-10.0
CCC(C)(O)Cc1ccccc1,-10.0
C#CCC(OC)c1ccccc1,-10.0
CCCCOc1cccc(NCC)n1,-10.0
CCCNc1cnccc1C,-10.0
COC(=O)C(C)CNc1cc(C)ccn1,-10.0
N#Cc1cccnc1NCC(N)=O,-10.0
CCOCCCNCc1cc(C)ccn1,-10.0
CCN(CCO)Cc1cncc(C#N)c1,-10.0
CC(C)(CCO)Nc1ccncc1C#N,-10.0
C=CCCNS(=O)(=O)Cc1ccccc1,-10.0
CC(=O)Nc1cc(C)ns1,-10.0
CCC(CO)CNc1ccccc1C(=O)OC,-10.0
Cc1ccnc(CNCC(C)CN)c1,-10.0
CCC(CC)CNCCCOCc1ccccc1,-10.0
CSCCC(O)c1cnccc1C,-10.0
CN(N)C=Nc1ncccc1C#N,-10.0
C#CCSCCNc1ccncc1C#N,-10.0
C=C(C)C=C1COCC1N,-10.0
Cc1ccncc1OCCCCN(C)C,-10.0
N#CCNC(c1ccccc1)c1ccncc1,-10.0
CCC=CCNCC=Cc1ccccc1,-10.0
CCC(C)(C(=O)O)c1ccccc1,-10.0
CC(=O)NC1CCC(C)SC1,-10.0
CCNC(C)(C)COCc1ccccc1,-10.0
CC(C)COc1ncncc1N,-10.0
CCNc1cc(NCCCN(C)C)ccn1,-10.0
CNCC(C)C(C)c1ccccc1,-10.0
NC1CCc2cocc21,-10.0
CCC(C)NC(CN)c1cnccc1C,-10.0
CC(=O)CSCc1cnccc1C,-10.0
CNC(CCc1ccccc1)CSC,-10.0
CCC(C)CCNc1ccc(C#N)cn1,-10.0
Cc1ccnc(N(C)CC(C)C#N)c1,-10.0
CCCC(Nc1ccccn1)c1ccccc1,-10.0
NCCNc1ccncn1,-10.0
NCC(O)(c1cccnc1)C1CCCCC1,-10.0
OCCC1CCCN(Cc2ccsc2)C1,-10.0
CNC(CO)c1cncnc1,-10.0
S=C(NCc1ccccc1)Nc1cccnc1,-10.0
CCC(O)C(C)NCc1cnccc1C,-10.0
CCC(C)(CN)OC(C)c1ccccc1,-10.0
CCNc1ccc(C(C)(C)O)cn1,-10.0
COC(CCN)C(=O)Nc1ccccc1,-10.0
CCC(Nc1cc(C)ccn1)C(=O)OC,-10.0
CNCCCNc1ccc(C(=O)OC)cc1,-10.0
CC(C)C(CO)Sc1ncccc1C#N,-10.0
NC1C2CCOCC12,-10.0
CCCC=NNc1cncnc1,-10.0
CC(CN(C)c1ccccc1)C(N)=O,-10.0
CC(CCO)CNC(=N)NCc1ccccc1,-10.0
NC1CCOCC1=O,-10.0
CCC=CCNc1cc(C)ccn1,-10.0
Cc1ccsc1C1(O)CCNCC1,-10.0
CCC(=O)N(C)c1cc(C)ccn1,-10.0
Cc1ccncc1NC(=O)C(C)C(C)S,-10.0
CC(C)C(C)Oc1ccncc1C#N,-10.0
COC(=O)c1ccc(CCCN)cc1,-10.0
NCC(O)CSc1ncccn1,-10.0
COC(=O)CCNCc1cc(C)ccn1,-10.0
CNCCCN(C)c1ccncc1C#N,-10.0
CCC(C)(CO)c1ccccc1,-10.0
N#Cc1cccnc1OC(CO)CO,-10.0
CCCC=C1CCOCC1N,-10.0
CC=CCNc1ncncc1N,-10.0
C#CC(NN)c1cnccc1C,-10.0
Cc1ccncc1NN,-10.0
CC(C#N)c1ccncc1C#N,-10.0
OC(CCC1CCCCC1)Cc1ccccn1,-10.0
C#CCNc1ncccc1C#N,-10.0
CC(O)CSCC(C)c1ccccc1,-10.0
CCOCCNCc1cncc(C#N)c1,-10.0
CN(C)CCNCc1cncc(C#N)c1,-10.0
CCC(C)C(C)Nc1cc(C)ccn1,-10.0
Cc1ncc(CC(N)=O)s1,-10.0
CCCC(CNc1cccnc1)c1ccccc1,-10.0
CNCCCc1ccccc1C(=O)OC,-10.0
Nn1ccccc1=O,-10.0
COCC(c1ccccc1)C(O)CCN,-10.0
COc1ncnc(N)c1N,-10.0
CSCCCOc1ncccc1C#N,-10.0
CCNc1cccc(OCCCN(C)C)n1,-10.0
Cc1ccncc1CN(C)CCCN,-10.0
CCNc1ccc(C#N)c(C)n1,-10.0
Cc1ccnc(SC(CO)C(C)C)c1,-10.0
C=CCC(C)=C1CCC(N)CC1,-10.0
CCC(N)(CC)c1ncccn1,-10.0
COC(C)CNCc1cnccc1C,-10.0
CCC(C)C(=O)Nc1cc(C)ccn1,-10.0
CC(CCc1cccnc1)Nc1ccccc1,-10.0
OC1CCN(Cc2cocn2)CC1,-10.0
OCCN(CCc1ccncc1)C1CCCCC1,-10.0
N#Cc1cc(N2CC=CC2)ccn1,-10.0
Cc1ccncc1CCC(O)C(C)C,-10.0
Cc1ccncc1C(C)(O)C(C)C,-10.0
CCNc1cccc(NCC(C)CO)n1,-10.0
Nc1cccccc1=S,-10.0
NC(CSc1ccncc1)c1ccccc1,-10.0
CN(CCO)c1ccncn1,-10.0
CCN(C)CC(=O)Nc1cc(C)ccn1,-10.0
C=CCCCOc1ccc(C#N)cn1,-10.0
NC1=CCCS1,-10.0
OCC=CCNc1ccncn1,-10.0
CCNC1(C#N)CCOC1,-10.0
N#Cc1ncccc1N1CC2CCC2C1,-10.0
CC(C)C(N)c1ncccc1C#N,-10.0
COCC(C)(C)CNc1cc(C)ccn1,-10.0
CC(C)(C)C(CN)OCc1ccccc1,-10.0
N#Cc1cccc(CCN2CCOCC2)c1,-10.0
CC(=O)Nc1c2c(nn1C)CCC2,-10.0
NC1CS(=O)(=O)CC1=O,-10.0
C=C(C=C1CCC(N)C1)CC,-10.0
CC1CNCCN(CC(N)=O)C1,-10.0
C=C(C)C(N)c1ccncn1,-10.0
Cc1ccncc1NC(=O)COCCN,-10.0
CCNC(CSCC)c1cnccc1C,-10.0
C=CCCN(C)c1ccncc1C#N,-10.0
CCC(NCCc1ccccn1)c1ccccc1,-10.0
Nc1cncnc1C(=O)O,-10.0
CNCC(C)(O)c1cnccc1C,-10.0
NC12CCN(C1)C(=O)C2,-10.0
c1ccc(SCc2ccccn2)cc1,-10.0
Cc1ccncc1CC(N)C#N,-10.0
CC(C)NCC(O)COCc1ccccc1,-10.0
O=C(O)CC(O)c1ncccn1,-10.0
CCCCc1ccc(C#N)cn1,-10.0
CCC=CCNCc1cnccc1C,-10.0
CC(C)Oc1ccncc1C#N,-10.0
Cc1ccncc1CC(C)C#N,-10.0
O=CC(=O)c1ccncn1,-10.0
CN(CCSc1ccccc1)Cc1ccccn1,-10.0
N#Cc1ccccc1OCC1CNCCO1,-10.0
CCC(O)C(O)c1cnccc1C,-10.0
N#Cc1cccnc1NOCC(=O)O,-10.0
CCC(O)CCc1ncccn1,-10.0
NC1=NC(=O)C2(COC2)O1,-10.0
C=C(C)C(N)c1ncccn1,-10.0
COC(=O)c1cccc(CC(C)OC)c1,-10.0
CNCC(=O)c1ccncn1,-10.0
Cc1ccnc(NC(=O)N(C)CCO)c1,-10.0
NC1C2CCCC1CC2,-10.0
CCCC(N)c1ccc2c(c1)CCCN2C,-10.0
Cc1ccnc(CNCC(=O)N(C)C)c1,-10.0
CSCCCC(O)C(N)c1ccccc1,-10.0
CC(N)CNC(=O)CCCc1ccccc1,-10.0
C#CCNc1cncnc1,-10.0
Cc1ccncc1CNC(C)C(=O)O,-10.0
NC1CC12CC2,-10.0
CNCc1ccncn1,-10.0
C=C(CCN)c1ccncn1,-10.0
C=CCC(C)=C1CC(N)C1,-10.0
CCNS(=O)(=O)CC1CCCO1,-10.0
CNCCCCCN(C)c1ccccc1,-10.0
OC1CCN(CC2CCCCC2)CC1,-10.0
COC(=O)c1ccccc1C=C(C)C#N,-10.0
CC(=O)Nc1nccnc1C,-10.0
CC(C)(C(N)=S)c1ncccn1,-10.0
CN1CCCc2cccc(CCC#N)c21,-10.0
C#CCC(N)C(O)c1cnccc1C,-10.0
CCC(N)C(C)N(CC)Cc1ccccc1,-10.0
COC(=O)c1ccccc1C(N)CCO,-10.0
CNCC(C)(C)CCc1ccccc1,-10.0
COCC(N)c1ccc2c(c1)CCCN2C,-10.0
CC(Nc1ccc(C#N)cn1)C(=O)O,-10.0
NOCC(=O)Nc1ncccn1,-10.0
Cc1ccnc(C(O)CCCN)c1,-10.0
O=C(O)C=Cc1ccncn1,-10.0
CN1CCC(O)(C2=CCCCO2)CC1,-10.0
CC(N)C=Cc1cncnc1,-10.0
CC1CCC(=O)CN1CC(N)=O,-10.0
CCCOC(=O)Nc1ccc(C#N)cn1,-10.0
CCCNC(CO)CSc1ccccc1,-10.0
N#Cc1ccc(N2CCCCCO2)cn1,-10.0
Cc1ccncc1CCCNC(C)(C)C,-10.0
CCC(CC)NCc1cncc(C#N)c1,-10.0
O=C(O)CCCc1ncccn1,-10.0
CC#CCN=C(N)Nc1ccccc1,-10.0
O=C(NCc1ccncc1)Nc1ccccc1,-10.0
CC(C)NCc1cncc(C#N)c1,-10.0
CCCCC(=O)c1ccncn1,-10.0
Cc1ccnc(NCC(C)(C)CN)c1,-10.0
CCC(C)C(=O)Nc1cnccc1C,-10.0
C#CCCSc1ncccc1C#N,-10.0
CN1CCCc2c(CCCCN)cccc21,-10.0
CCNc1cccc(CN(CC)CCO)n1,-10.0
Cc1ccnc(CNCC(O)C(C)C)c1,-10.0
CN(NS(C)(=O)=O)c1ccccc1,-10.0
CC=CCOc1cnccc1C,-10.0
N#Cc1cccnc1NCCCCO,-10.0
CC(=O)c1ncc(N)cn1,-10.0
CCNC(=O)c1ccccc1,-10.0
CC(N)CCNc1ncccn1,-10.0
N#Cc1coc(CCN)n1,-10.0
C=CCC(NN)c1cncnc1,-10.0
CNC(C)CNc1ccncc1C#N,-10.0
CC(C)c1ccc(C#N)cn1,-10.0
CCC(C)(CC)Nc1cc(C)ccn1,-10.0
O=S(=O)(O)c1ncccn1,-10.0
C#CC(C)(C)c1cnccc1C,-10.0
C=CS(=O)(=O)c1ncccn1,-10.0
NC(CCc1ccccc1)Cc1ccncc1,-10.0
Cc1ccnc(CC#CCN)c1,-10.0
C=CCSCc1cncc(C#N)c1,-10.0
CN1CCCN(CC(N)=O)CC1,-10.0
CC(C#N)CNc1ncccc1C#N,-10.0
N#Cc1cnccc1OCCCO,-10.0
C#CCC(COCc1ccccc1)NCCC,-10.0
N#Cc1ncccc1N1CCC2CNCC21,-10.0
CC(CO)NC(=O)COc1ccccc1,-10.0
NC1CC2CC2C1,-10.0
C=CCC(=O)c1ccncn1,-10.0
CNCCCc1cnccc1C,-10.0
Nc1cscn1,-10.0
CNC(=O)Nc1ccncc1C#N,-10.0
OCC#CCc1cncnc1,-10.0
CC(N)c1ccc2c(c1)CCCN2C,-10.0
CCCCC(CC)Nc1cnccc1C,-10.0
CCNc1ccc(CN)cn1,-10.0
N#Cc1cc(-c2ccoc2)ccn1,-10.0
CCNc1ncc(C#N)cc1C#N,-10.0
CCC(O)CNC(C)c1ccccc1,-10.0
Cc1ccnc(CCS)c1,-10.0
CC(N)c1ccc(C#N)cn1,-10.0
CC(C)C(CN)Nc1ncccc1C#N,-10.0
NC1CNC(=O)NC1,-10.0
CC(COCc1ccccc1)NCCCO,-10.0
O=C(CC1CCCCC1)Nc1cccnc1,-10.0
C=CCCCNc1ncccn1,-10.0
CCC(C)NCC(=O)c1cnccc1C,-10.0
CC=C1CCCCC1N,-10.0
C#CCOc1ccncc1C#N,-10.0
C=CC(O)C(C)OCc1ccccc1,-10.0
CNC(c1cnccc1C)C(C)CSC,-10.0
CNCC(C)Cc1cnccc1C,-10.0
CCC(N)Cc1ccncn1,-10.0
CC(N)C(C)Nc1ncccc1C#N,-10.0
CCCCOc1ccccc1C(=O)OC,-10.0
NN1CC2CCCC1C2,-10.0
CN1CCC(C(=O)O)c2ccccc21,-10.0
NCC(=O)Nc1ncncc1N,-10.0
